smiles,activity
C=CCSS/C=C/C[S+]([O-])CC=C,1
C=CCSC[C@H](N)C(=O)O,1
C=CCSSCC=C,1
COS([O-])=S,1
C=CCSSSCC=C,1
C=CC(C)(O)CCC=C(C)C,1
CC(=O)OC/C=C(\C)CCC=C(C)C,1
CC1=CCC(C(C)C)=CC1,1
COc1ccc2ccc(=O)oc2c1CC=C(C)C,1
O=C1O[C@H]2[C@@H]3OC(=O)c4cc(O)c(O)c(O)c4-c4c(cc(O)c(O)c4O)C(=O)OC[C@H]2O[C@@H](OC(=O)c2cc(O)c(O)c(O)c2)[C@@H]3OC(=O)c2cc(O)c(O)c3c2[C@@H]2C1=CC(=O)[C@](O)(O3)C2(O)O,1
CN1CCc2cc3c(c4c2[C@H]1Cc1ccccc1-4)OCO3,1
COc1cc2c3cc1Oc1c(OC)c(OC)cc4c1[C@@H](Cc1ccc(O)c(c1)Oc1ccc(cc1)C[C@@H]3N(C)CC2)N(C)CC4,1
COc1cc2c3cc1Oc1c(OC)c(OC)cc4c1[C@H](Cc1ccc(cc1)Oc1cc(ccc1O)C[C@H]3N(C)CC2)N(C)CC4,1
COc1ccc2cc1Oc1ccc(cc1)C[C@H]1c3cc(c(OC)cc3CCN1C)Oc1c(OC)c(OC)cc3c1[C@H](C2)N(C)CC3,1
COc1ccc2cc1Oc1ccc(cc1)C[C@H]1c3cc(c(OC)cc3CCN1C)Oc1c(O)c(OC)cc3c1[C@H](C2)N(C)CC3,1
COc1cc2c(cc1O)[C@@H](Cc1ccc(OC)c(Oc3ccc(C[C@H]4c5cc(O)c(OC)cc5CCN4C)cc3)c1)N(C)CC2,1
C=C1C(OC(=O)CC(c2ccccc2)N(C)C)CCC2(C)C(O)C(OC(C)=O)C3=C(C)C(=O)CC(O)(C(O)C12)C3(C)C,1
COc1c(O)c(CC=C(C)C)c2c(c1O)C(=O)[C@H](O)[C@@H](c1ccccc1O)O2,1
Oc1cc(O)cc(/C=C/c2ccc(O)c(O)c2)c1,1
Oc1ccc(/C=C/c2cc(O)cc(O)c2)cc1,1
COc1ccc(/C=C/c2cc(O)cc(O)c2)cc1,1
Oc1ccc(/C=C/c2cc(O)cc3c2[C@@H](c2cc(O)cc(O)c2)[C@H](c2ccc(O)cc2)O3)cc1,1
O=C(/C=C/c1ccc(O)c2c1[C@H](C(=O)O[C@H](Cc1ccc(O)c(O)c1)C(=O)O)[C@@H](c1ccc(O)c(O)c1)O2)O[C@H](Cc1ccc(O)c(O)c1)C(=O)O,1
C/C=C/c1ccc(O)c(OC)c1O,1
C[C@@]12C[C@@]3(O)O[C@@H](O1)[C@]1(COC(=O)c4ccccc4)[C@H]3C[C@@]12O[C@@H]1O[C@H](CO)[C@@H](O)[C@H](O)[C@H]1O,1
COC1C[C@@]2(C)CC(=O)[C@@H]3C[C@]2(O[C@@H]2O[C@H](CO)[C@@H](O)[C@H](O)[C@H]2O)[C@@]13COC(=O)c1ccccc1,1
CO[C@]12C[C@]3(C)O[C@H](O1)[C@]1(COC(=O)c4ccccc4)[C@@H]2C[C@]13O[C@@H]1O[C@H](CO)[C@@H](O)[C@H](O)[C@H]1O,1
O=C(OC[C@H]1O[C@@H](OC(=O)c2cc(O)c(O)c(O)c2)[C@H](OC(=O)c2cc(O)c(O)c(O)c2)[C@@H](OC(=O)c2cc(O)c(O)c(O)c2)[C@@H]1OC(=O)c1cc(O)c(O)c(O)c1)c1cc(O)c(O)c(O)c1,1
O=C(O[C@H]1O[C@@H](CO)[C@H](OC(=O)c2cc(O)c(O)c(O)c2)[C@@H](OC(=O)c2cc(O)c(O)c(O)c2)[C@@H]1OC(=O)c1cc(O)c(O)c(O)c1)c1cc(O)c(O)c(O)c1,1
O=C1OC[C@@H](O)[C@H]([C@@H]2OC(=O)c3cc(O)c(O)c(O)c3-c3c(O)c(O)c(O)c4c3C(=O)O[C@H]2[C@H]4O)OC(=O)c2cc(O)c(O)c(O)c2-c2c1cc(O)c(O)c2O,1
COc1cc2c(c(O)c1OC)C(=O)C[C@@H](c1cc(O)ccc1O)O2,1
C=C(C)[C@@H]1C[C@H](O)[C@]2(C(=O)O[C@@H]3O[C@H](CO[C@@H]4O[C@H](CO)[C@@H](O[C@@H]5O[C@@H](C)[C@H](O)[C@@H](O)[C@H]5O)[C@H](O)[C@H]4O)[C@@H](O)[C@H](O)[C@H]3O)CC[C@]3(C)[C@H](C[C@H]4OC(=O)C[C@@H](O)[C@]5(C)[C@@H]4[C@@]3(C)CC[C@H]5C(=C)C)[C@@H]12,1
C=C(C)[C@@H]1C[C@H](O)[C@]2(C(=O)O)CC[C@]3(C)[C@H](C[C@H]4OC(=O)C[C@@H](O)[C@]5(C)[C@@H]4[C@@]3(C)CC[C@H]5C(=C)C)[C@@H]12,1
C=C(C)[C@@H]1CC[C@]2(C(=O)O[C@@H]3O[C@H](CO[C@@H]4O[C@H](CO)[C@@H](O[C@@H]5O[C@@H](C)[C@H](O)[C@@H](O)[C@H]5O)[C@H](O)[C@H]4O)[C@@H](O)[C@H](O)[C@H]3O)CC[C@]3(C)[C@H](C[C@H]4OC(=O)C[C@@H](O)[C@]5(C)[C@@H]4[C@@]3(C)CC[C@H]5C(=C)C)[C@@H]12,1
C=C(C)[C@@H]1CC[C@]2(C(=O)O)CC[C@]3(C)C(C[C@H]4OC(=O)C[C@@H](O)[C@]5(C)C4[C@@]3(C)CC[C@H]5C(=C)C)C12,1
CC1(C)CC[C@]2(C(=O)O)CC[C@]3(C)C(=CC[C@@H]4[C@@]5(C)CC[C@H](O[C@@H]6O[C@H](C(=O)O)[C@@H](O)[C@H](O)[C@H]6O)C(C)(C)[C@@H]5CC[C@]43C)[C@@H]2C1,1
O=C1C=CC[C@H](C[C@@H](O)CCc2ccc(O)cc2)O1,1
C=CCSS(=O)OC,1
O=C(O)c1ccc(O)c(O)c1,1
COc1cc(C(=O)O)ccc1O,1
O=C(O)c1ccc(O)cc1,1
COc1cc(/C=C/C(=O)O)ccc1O,1
COc1cc(/C=C/C(=O)O)cc(OC)c1O,1
O=C(O)[C@H]1O[C@@H](Oc2c(-c3ccc(O)cc3)oc3cc(O)cc(O)c3c2=O)[C@H](O)[C@@H](O)[C@@H]1O,1
CC1=CC(=O)CC(C)(C)[C@@]1(O)/C=C/[C@@H](C)O[C@@H]1O[C@H](CO)[C@@H](O)[C@H](O)[C@H]1O,1
COc1cc(C2c3cc(O)c(OC)cc3CC(COC3OC(CO)C(O)C(O)C3O)C2CO)ccc1O,1
COc1cc([C@H]2Oc3c(O)cc(CCCO)cc3[C@@H]2CO)ccc1O[C@@H]1O[C@@H](C)[C@H](O)[C@@H](O)[C@H]1O,1
COc1cc([C@@H]2Oc3c(OC)cc(CCCO)cc3[C@H]2CO)ccc1O[C@@H]1O[C@@H](C)[C@H](O)[C@@H](O)[C@H]1O,1
C[C@@H]1O[C@@H](OC[C@H]2O[C@@H](Oc3c(-c4ccc(O)cc4)oc4cc(O)cc(O)c4c3=O)[C@H](O)[C@@H](O)[C@@H]2O)[C@H](O)[C@H](O)[C@H]1O,1
CC(C)=CCOc1c2occc2cc2ccc(=O)oc12,1
CC(C)=CC(=O)O[C@H]1Cc2cc3ccc(=O)oc3cc2OC1(C)C,1
CC(C)(O[C@@H]1O[C@H](CO)[C@@H](O)[C@H](O)[C@H]1O)[C@H]1Cc2cc3ccc(=O)oc3cc2O1,1
CCCCC1OC(=O)c2ccccc21,1
C[C@@]12C[C@@H](c3ccoc3)OC(=O)[C@@H]1CC[C@]1(C)[C@H]2[C@H]2C=C[C@]1(O)C(=O)O2,1
Cc1cc(O)c2c(c1)C(=O)c1cccc(O)c1C2=O,1
COc1c(O)cc2c(c1O)C(=O)c1c(cc(C)c(O)c1OC)C2=O,1
Cc1cc2c(c(O)c1O)C(=O)c1c(O)cc(O)cc1C2=O,1
COc1cc2c(c(OC)c1OC)C(=O)c1c(cc(C)c(O)c1OC)C2=O,1
CC[C@H](CC[C@@H](C)[C@H]1CC[C@H]2[C@@H]3CC=C4C[C@@H](O)CC[C@]4(C)[C@H]3CC[C@]12C)C(C)C,1
CC#CC#CC#Cc1ccccc1,1
CCCCC/C=C\C/C=C\CCCCCCCC(=O)O,1
COc1cc2c(O[C@@H]3OC[C@@H](OC)[C@H](OC)[C@H]3O)c3c(c(-c4ccc5c(c4)OCO5)c2cc1OC)C(=O)OC3,1
COc1cc2c(O[C@@H]3O[C@H](CO)[C@@H](O)[C@H](O)[C@H]3O)c3c(c(-c4ccc5c(c4)OCO5)c2cc1OC)C(=O)OC3,1
O=c1c(O[C@@H]2O[C@H](CO)[C@H](O)[C@H](O)[C@H]2O)c(-c2ccc(O)c(O)c2)oc2cc(O)cc(O)c12,1
CC1OC(OC2C(OC(=O)C34CCC(C)(C)CC3C3=CCC5C6(C)CCC(OC7OC(C(=O)O)C(O)C(O)C7O)C(C)(C)C6CCC5(C)C3(C)CC4O)OCC(O)C2O)C(O)C(O)C1OC1OCC(O)C(OC2OCC(O)C(O)C2O)C1O,1
C[C@H](NC(=O)CN)C(=O)N[C@@H](C)C(=O)NCC(=O)NCC(=O)N[C@@H](C)C(=O)N[C@@H](Cc1ccccc1)C(=O)O,1
OC[C@H]1OC(O)[C@@H](O)[C@@H](O)[C@@H]1O,1
OC[C@H]1OC(O)[C@H](O)[C@@H](O)[C@@H]1O,1
OC[C@H]1OC(O)[C@H](O)[C@@H](O)[C@H]1O,1
CC12CCC(CC1=O)C2(C)C,1
C=C1C2CCC(C2)C1(C)C,1
C=C(C)C1CC=C(C)C(=O)C1,1
CC12CCC(CC1)C(C)(C)O2,1
Cc1ccc(C(C)C)cc1,1
COc1c2ccoc2cc2cc(C)oc(=O)c12,1
C=C(C)C1CC=C(C)CC1,1
C=CC(=C)CCC=C(C)C,1
CCCCCCCCCCCCCC(=O)O,1
CCCCCCCC/C=C\CCCCCCCC(=O)O,1
CCCCCCCCCCCCCCCC(=O)O,1
CC1=CCC(C(C)C)C=C1,1
C=C1C=CC(C(C)C)CC1,1
CC1=CC=C(C(C)C)CC1,1
CC(/C=C/C=C(\C)C(=O)O[C@@H]1O[C@H](CO[C@@H]2O[C@H](CO)[C@@H](O)[C@H](O)[C@H]2O)[C@@H](O)[C@H](O)[C@H]1O)=C\C=C\C=C(C)\C=C\C=C(/C)C(=O)O[C@@H]1O[C@H](CO[C@@H]2O[C@H](CO)[C@@H](O)[C@H](O)[C@H]2O)[C@@H](O)[C@H](O)[C@H]1O,1
CC(/C=C/C=C(\C)C(=O)O)=C\C=C\C=C(C)\C=C\C=C(/C)C(=O)O,1
CC1=C(C=O)C(C)(C)CC=C1,1
COc1ccc(-c2cc(=O)c3c(O)cc(O[C@@H]4O[C@H](CO[C@@H]5O[C@@H](C)[C@H](O)[C@@H](O)[C@H]5O)[C@@H](O)[C@H](O)[C@H]4O)cc3o2)cc1,1
COc1c(O)cc(O)c2c(=O)cc(-c3ccccc3)oc12,1
CC1(C)CC[C@]2(C)CC[C@]3(C)C(=CC[C@@H]4[C@@]5(C)CC[C@H](O)C(C)(C)[C@@H]5CC[C@]43C)[C@@H]2C1,1
C=C(C)[C@@H]1CC[C@]2(C)CC[C@]3(C)[C@H](CC[C@@H]4[C@@]5(C)CC[C@H](O)C(C)(C)[C@@H]5CC[C@]43C)[C@@H]12,1
CC1(C)CCC2(C)CCC3(C)C(=CCC4C5(C)CCC(OC(=O)/C=C/c6ccccc6)C(C)(C)C5CCC43C)C2C1,1
COc1c2ccoc2cc2oc(=O)ccc12,1
CC(C)=CCC/C=C(\C)CCC=C(C)C,1
C=C[C@]1(C)CC[C@@H](C(=C)C)C[C@H]1C(=C)C,1
CC[C@H](/C=C/[C@@H](C)[C@H]1CC[C@H]2[C@@H]3CC=C4C[C@@H](O)CC[C@]4(C)[C@H]3CC[C@]12C)C(C)C,1
C=C(C)[C@@H]1CC[C@]2(C)CC[C@]3(C)[C@H](CC[C@@H]4[C@@]5(C)CCC(=O)C(C)(C)[C@@H]5CC[C@]43C)[C@@H]12,1
C[C@H]1[C@H](C)CC[C@]2(C)CC[C@]3(C)C(=CC[C@@H]4[C@@]5(C)CCC(=O)C(C)(C)[C@@H]5CC[C@]43C)[C@H]12,1
Oc1ccc([C@H]2COc3cc(O)ccc3C2)cc1,1
O=C1C[C@@H](c2ccc(O)cc2)Oc2cc(O)cc(O)c21,1
O=C1C[C@@H](c2ccccc2)Oc2cc(O)cc(O)c21,1
O=c1c(O)c(-c2ccc(O)c(O)c2)oc2cc(O)cc(O)c12,1
CC(C)=CCc1cc(C(=O)CCc2ccccc2)c(O)c(CC=C(C)C)c1O,1
CC(C)=CCc1c(O)ccc(C(=O)/C=C/c2ccccc2)c1O,1
Cc1c(C)c2c(c(C)c1O)CC[C@@](C)(CCC[C@H](C)CCC[C@H](C)CCCC(C)C)O2,1
CC(C)=CCC/C(C)=C/C=C/C(C)=C/C=C/C(C)=C/C=C/C=C(C)/C=C/C=C(C)/C=C/C=C(\C)CCC=C(C)C,1
CC1=C(/C=C/C(C)=C/C=C/C(C)=C/C=C/C=C(C)/C=C/C=C(C)/C=C/C2=C(C)CCCC2(C)C)C(C)(C)CCC1,1
CC(C)=CCC/C(C)=C/CC/C(C)=C/CC/C(C)=C/C=C/C=C(\C)CC/C=C(\C)CC/C=C(\C)CCC=C(C)C,1
CC(C)=CCC/C(C)=C/CC/C(C)=C/C=C/C(C)=C/C=C/C=C(\C)CC/C=C(\C)CC/C=C(\C)CCC=C(C)C,1
O=c1cc(-c2ccc(O)cc2)oc2c(C3OC(CO)C(O)C(O)C3O)c(O)c(C3OC(CO)C(O)C(O)C3O)c(O)c12,1
CC[C@@H]1CN2CCc3c([nH]c4cccc(OC)c34)[C@@H]2C[C@@H]1/C(=C\OC)C(=O)OC,1
COC(=O)C1=CO[C@@H](C)[C@H]2CN3CC[C@]4(C(=O)Nc5ccccc54)[C@@H]3C[C@H]12,1
COC(=S)NCc1ccc(O[C@@H]2O[C@@H](C)[C@H](OC(C)=O)[C@@H](O)[C@H]2O)cc1,1
CCOC(=O)NCc1ccc(OC2OC(C)C(OC(C)=O)C(O)C2O)cc1,1
CCOC(=S)C=NCc1ccc(O[C@@H]2O[C@@H](C)[C@H](OC(C)=O)[C@@H](O)[C@H]2O)cc1,1
CC1OCc2c(ccc(O)c2O)C1=O,1
CC(C)[C@@H]1CC[C@]2(C)CCCC(=O)[C@]2(C)C1,1
CC1CCC=C2CCC3C(C3(C)C)C21C,1
C=C1CC[C@@H](C(C)C)C[C@@]12CCC[C@]2(C)O,1
C[C@@H]1CCCC2=CC(=O)[C@@H]3[C@@H](C3(C)C)[C@]21C,1
C=C(C)[C@@H]1CCC2=CCC[C@@H](C)[C@]2(C)C1,1
C[C@H]1CC[C@@]2(O)C(C)(C)[C@@H]3CC[C@@]2(C)[C@H]1C3,1
CC1=CCC2CC1C2(C)C,1
CC1=C2C3C(CCC2(C)CCC1)C3(C)C,1
O=C(/C=C/c1ccc(O)c(O)c1)Oc1ccc2c(c1)C(=O)OCC2,1
CC(C)=CCC[C@](C)(O[C@@H]1O[C@H](CO)[C@@H](O)[C@H](O)[C@H]1O)[C@H]1CC[C@]2(C)[C@@H]1[C@H](O)C[C@@H]1[C@@]3(C)CC[C@H](O)C(C)(C)[C@@H]3[C@@H](O[C@@H]3O[C@H](CO)[C@@H](O)[C@H](O)[C@H]3O)C[C@]12C,1
CC(C)=CCC[C@](C)(O[C@@H]1O[C@H](CO[C@@H]2O[C@H](CO)[C@@H](O)[C@H](O)[C@H]2O)[C@@H](O)[C@H](O)[C@H]1O)[C@H]1CC[C@]2(C)[C@@H]1[C@H](O)C[C@@H]1[C@@]3(C)CC[C@H](O[C@@H]4O[C@H](CO)[C@@H](O)[C@H](O)[C@H]4O[C@@H]4O[C@H](CO)[C@@H](O)[C@H](O)[C@H]4O)C(C)(C)[C@@H]3CC[C@]12C,1
COc1cc(OC)c(OC)cc1CC1=c2c(OC)c(OC)cc(OC)c2=CC1,1
COc1ccc([C@H]2CC[C@H]2c2ccc(OC)c(OC)c2OC)c(OC)c1OC,1
NCCCC(=O)O,1
CC(C)=CCC/C(C)=C/CC/C(C)=C/CC/C=C(\C)CC/C=C(\C)CCC=C(C)C,1
CCCCCCCCCCCC(=O)O,1
CCCCCCCCCC(=O)[O-],1
CCCCCCCCCCCCCCCCCC(=O)[O-],1
C/C(=C\CO)CCC[C@H](C)CCC[C@H](C)CCCC(C)C,1
O[C@@H]1CO[C@H]2[C@@H]1OC[C@@H]2O,1
O=C(/C=C/C=C/c1ccc2c(c1)OCO2)N1CCCCC1,1
N#C[C@H](O[C@@H]1O[C@H](CO[C@@H]2O[C@H](CO)[C@@H](O)[C@H](O)[C@H]2O)[C@@H](O)[C@H](O)[C@H]1O)c1ccccc1,1
N#C[C@H](O[C@@H]1O[C@H](CO)[C@@H](O)[C@H](O)[C@H]1O)c1ccccc1,1
O=c1c(O)c(-c2ccc(O)cc2)oc2cc(O)cc(O)c12,1
O=C(O)/C=C/c1ccc(O)cc1,1
C[C@@H]1O[C@@H](Oc2c(-c3ccc(O)c(O)c3)oc3cc(O)cc(O)c3c2=O)[C@H](O)[C@H](O)[C@H]1O,1
O=C(O)C1(O)C[C@@H](O)C(O)[C@H](O)C1,1
O=C(/C=C/c1ccc(O)c2c1[C@H](C(=O)O[C@H](Cc1ccc(O)c(O)c1)C(=O)[O-])[C@@H](c1ccc(O)c(O)c1)O2)O[C@H](Cc1ccc(O)c(O)c1)C(=O)[O-].[Mg+2],1
CC(=O)O[C@H]1C[C@]2(C)[C@@H]3C(=CC(=O)[C@@H]2C[C@H]1OC(C)=O)[C@]1(O)CC[C@H]([C@@](C)(O)[C@@H](CCC(C)C)OC(C)=O)[C@@]1(C)C[C@H]3OC(C)=O,1
COc1cc2ccc(=O)oc2cc1O,1
COc1cc([C@H]2Oc3c(OC)cc4ccc(=O)oc4c3O[C@@H]2CO)ccc1O,1
COc1cc([C@H]2Oc3c(OC)cc4ccc(=O)oc4c3O[C@@H]2CO)cc(OC)c1O,1
COc1ccc(-c2oc3cc(OC)c(OC)c(O)c3c(=O)c2OC)cc1OC,1
C=C(C)C(O)CC/C(C)=C/Cc1c(O)ccc(C(=O)/C=C/c2ccc(O)cc2)c1O,1
COc1ccc(C(=O)/C=C/c2ccc(O)cc2)c(O)c1CC=C(C)C,1
O=c1cc(-c2ccccc2)oc2cc(O)cc(O)c12,1
COc1ccc([C@@H]2CC(=O)c3c(O)cc(O)cc3O2)cc1O,1
C[C@@H]1O[C@@H](O[C@@H]2[C@@H](O)[C@H](OCCc3ccc(O)c(O)c3)O[C@H](CO[C@@H]3O[C@H](CO)[C@@H](O)[C@H](O)[C@H]3O)[C@H]2O)[C@H](O)[C@H](O)[C@H]1O,1
C[C@@H]1O[C@@H](CO[C@@H]2[C@@H](O)[C@H](O)O[C@H](CO[C@@H]3O[C@H](CO)[C@@H](O)[C@H](O)[C@H]3O)[C@H]2OC(=O)/C=C/c2ccc(O)c(O)c2)[C@H](O)[C@H](O)[C@H]1O,1
C[C@@H]1O[C@@H](O[C@@H]2[C@@H](O)[C@H](OCCc3ccc(O)c(O)c3)O[C@H](CO[C@@H]3O[C@H](CO)[C@@H](O)[C@H](O)[C@H]3O)[C@H]2OC(=O)/C=C/c2ccc(O)c(O)c2)[C@H](O)[C@H](O)[C@H]1O,1
C[C@@H]1O[C@@H](O[C@@H]([C@H](OC(=O)/C=C/c2ccc(O)c(O)c2)[C@H](O)CO)[C@@H](O)C=O)[C@H](O)[C@H](O)[C@H]1O,1
O=C(/C=C/c1ccc(O)c(O)c1)O[C@@H]1C[C@](O)(C(=O)O)C[C@@H](O)[C@H]1O,1
C[C@@H]1O[C@@H](O[C@H]2C(=O)c3c(O)cc(O)cc3O[C@@H]2c2ccc(O)c(O)c2)[C@H](O)[C@H](O)[C@H]1O,1
O=C(O[C@@H]1O[C@@H]2COC(=O)c3cc(O)c(O)c(O)c3-c3c(cc(O)c(O)c3O)C(=O)O[C@H]([C@H]1O)[C@@H]2O)c1cc(O)c(O)c(O)c1,1
COc1cc(O)c2c(=O)c3c(OC)c(O)ccc3oc2c1,1
COc1cc(O)c2c(=O)c3c(O)c(O)ccc3oc2c1,1
O=C1OC[C@@H](O)[C@H]([C@@H]2OC(=O)c3cc(O)c(O)c(O)c3-c3c(O)c(O)c(O)c4c3C(=O)O[C@H]2[C@@H]4O)OC(=O)c2cc(O)c(O)c(O)c2-c2c1cc(O)c(O)c2O,1
Oc1cc(O)c2c(c1)OC(c1ccc(O)c(O)c1)C(OC1(c3ccc(O)c(O)c3)Oc3cc(O)cc(O)c3C(O)C1O)C2,1
Cc1nc(C)c(C)nc1C,1
COc1cc(/C=C/C(=O)O[C@H]2[C@H](O[C@@H]3O[C@@H](C)[C@H](O)[C@@H](O)[C@H]3O)[C@@H](O)[C@H](OCCc3ccc(O)c(O)c3)O[C@@H]2CO)ccc1O,1
COc1ccc(CCO[C@@H]2O[C@H](CO)[C@@H](OC(=O)/C=C/c3ccc(O)c(OC)c3)[C@H](O[C@@H]3O[C@@H](C)[C@H](O)[C@@H](O)[C@H]3O)[C@H]2O)cc1O,1
COc1cc2c(cc1OC)-c1c3c(cc4c1[C@H](C2)N(C)CC4)OCO3,1
COC(=O)C1CC(=O)c2oc(=O)c3cc(O)c(O)c(O)c3c21,1
O=C(/C=C/c1ccc(O)c2c1[C@H](C(=O)O)[C@@H](c1ccc(O)c(O)c1)O2)O[C@H](Cc1ccc(O)c(O)c1)C(=O)O,1
O=c1cc(-c2ccc(O)c(-c3c(O)cc(O)c4c(=O)cc(-c5ccc(O)cc5)oc34)c2)oc2cc(O)cc(O)c12,1
CCCCC[C@H](O)CC(=O)CCc1ccc(O)c(OC)c1,1
CCCCC/C=C/C(=O)CCc1ccc(O)c(OC)c1,1
COc1cc(CCC(C)=O)ccc1O,1
CCCCCCCC(=O)CCc1ccc(O)c(OC)c1,1
c1ccc2c(c1)C[C@H]1NCCc3cc4c(c-2c31)OCO4,1
CN1CCc2cc3c(c4c2[C@H]1Cc1cccc(O)c1-4)OCO3,1
COc1cc2c(cc1OC)-c1c3c(c(OC)c4c1[C@H](C2)N(C)CC4)OCO3,1
COc1cc2c(cc1OC)C1Cc3ccc(OC)c(OC)c3CN1CC2,1
O=c1c2ccccc2nc2n1CCc1c-2[nH]c2ccccc12,1
COc1cc2c(cc1O)CC1c3c(cc4c(c3-2)OCO4)CCN1C,1
COc1cc2c3c(c1O)-c1cc4c(cc1C[C@@H]3N(C)CC2)OCO4,1
COc1cc2c3c(c1OC)-c1cc4c(cc1C[C@@H]3N(C)CC2)OCO4,1
COc1cc2c3c(c1OC)Oc1ccc(cc1)C[C@@H]1c4c(cc(OC)c(OC)c4Oc4ccc(cc4)C[C@H]3N(C)CC2)CCN1C,1
CC[C@H]1CN2CCc3c([nH]c4ccccc34)[C@H]2C[C@@H]1/C(=C\OC)C(=O)OC,1
CC[C@H]1CN2CC[C@]3(C(=O)Nc4ccccc43)[C@@H]2C[C@@H]1/C(=C\OC)C(=O)OC,1
COc1cc(C(=O)OCCCCN=C(N)N)cc(OC)c1O,1
COc1ccc([C@@H]2[C@@H](C(=O)NCCCCNC(N)=NCC=C(C)C)[C@@H](C(=O)NCCCCNC(N)=NCC=C(C)C)[C@@H]2c2ccc(OC)c(OC)c2)cc1OC,1
CC(C)=CCC/C(C)=C/COc1ccc2ccc(=O)oc2c1,1
C=C1CC[C@@H]2[C@](C)(CO)[C@H](O)CC[C@@]2(C)[C@@H]1/C=C/C1=CCOC1=O,1
C=C[C@@]1(C)CC(=O)[C@]2(O)[C@@]3(C)[C@@H](O)CCC(C)(C)[C@@H]3[C@H](O)[C@H](OC(C)=O)[C@@]2(C)O1,1
CC1=CC(=O)C[C@H]2[C@H]1CC[C@@H](C)[C@]21C[C@H](c2ccoc2)OC1=O,1
C[C@@H]1C[C@@H](O)[C@H]2[C@@](C)(CO)CCC[C@]2(C)[C@@]1(O)CCc1ccoc1,1
CC(C)=C1CC[C@]2(C)O[C@@H]2C1=O,1
C=C1CCC2C(C)(C)CCCC2(C)C1CCC(C)CC(=O)O,1
C=CCc1ccc(O)c(OC)c1,1
C/C=C(/C)C(=O)O[C@@H]1CCC2=CC(=O)C(=C(C)C)C[C@]2(C)[C@H]1C,1
CC1=CCC[C@@H]2[C@@](C)(CC/C(C)=C/C(=O)O)[C@H](C)CC[C@@]12C,1
C=C1C[C@@]23CC[C@H]4[C@@](C)(CCC[C@@]4(C)C(=O)O[C@@H]4O[C@H](CO)[C@@H](O)[C@H](O)[C@H]4O)[C@@H]2CC[C@]1(O[C@@H]1O[C@H](CO)[C@@H](O)[C@H](O)[C@H]1O[C@@H]1O[C@H](CO)[C@@H](O)[C@H](O)[C@H]1O)C3,1
C=C[C@]1(C)C=C2C(=O)C[C@H]3[C@@](C)(CCC[C@@]3(C)C(=O)O)[C@@H]2CC1,1
CO[C@]1(C)CC23CCC4[C@@](C)(CCC[C@@]4(C)C(=O)O)C2C=CC1C3,1
C[C@@H]1CC[C@@]2(OC1)O[C@H]1C[C@H]3[C@@H]4CC=C5C[C@@H](O)[C@H](O)C[C@]5(C)[C@H]4CC[C@]3(C)[C@H]1[C@@H]2C,1
C[C@@H]1CC[C@@]2(OC1)O[C@H]1C[C@H]3[C@@H]4CC[C@@]5(O)C[C@@H](O)[C@H](O)C[C@]5(C)[C@H]4CC[C@]3(C)[C@H]1[C@@H]2C,1
CCCCC(CC)COC(=O)c1ccccc1C(=O)[O-],1
O=C(O)c1ccccc1C(=O)O,1
C=CCSS(=O)CC=C,1
O=C(O)c1cccnc1,1
Cc1ncc(C[n+]2csc(CCO)c2C)c(N)n1,1
Cc1cc2nc3c(=O)[nH]c(=O)nc-3n(C[C@H](O)[C@H](O)[C@H](O)CO)c2cc1C,1
O=C1O[C@H]([C@@H](O)CO)C(O)=C1O,1
OC[C@H]1O[C@@H](OCCc2ccc(O)cc2)[C@H](O)[C@@H](O)[C@@H]1O,1
OC[C@H]1O[C@@H](OCc2ccccc2)[C@H](O)[C@@H](O)[C@@H]1O,1
CCCCCCCCCCCCCCCCCCCCCC(=O)O,1
O=C(O)C1=N[C@H](C(=O)O)CC(/C=C/N2c3cc(O)c(O)cc3C[C@H]2C(=O)O)=C1,1
O=C(O)C1=N[C@@H](C(=O)O)CC(/C=C/N2c3cc(O)c(O[C@@H]4O[C@H](CO)[C@@H](O)[C@H](O)[C@H]4O)cc3C[C@H]2C(=O)O)=C1,1
CC1=CC(=O)C(C(C)C)=CC1=O,1
C/C=C1/[C@H](O[C@@H]2O[C@H](CO)[C@@H](O)[C@H](O)[C@H]2O)OC=C(C(=O)OC)[C@H]1CC(=O)OCCc1ccc(O)c(O)c1,1
O=c1ccc2cc(O[C@@H]3O[C@H](CO)[C@@H](O)[C@H](O)[C@H]3O)c(O)cc2o1,1
COc1cc2ccc(=O)oc2cc1O[C@@H]1O[C@H](CO)[C@@H](O)[C@H](O)[C@H]1O,1
CC1(C)CC[C@]2(C(=O)O)CC[C@]3(C)C(=CC[C@@H]4[C@@]5(C)CC[C@H](O)C(C)(C)[C@@H]5CC[C@]43C)[C@@H]2C1,1
O=C(/C=C/c1ccc(O)c(O)c1)O[C@H](Cc1ccc(O)c(O)c1)C(=O)O,1
O=C(O)[C@H]1O[C@@H](Oc2cc3oc(-c4ccccc4)cc(=O)c3c(O)c2O)[C@H](O)[C@@H](O)[C@@H]1O,1
O=C(/C=C/c1ccc(O)c(O)c1)O[C@@H]1CC(O)(C(=O)O)C[C@@H](OC(=O)/C=C/c2ccc(O)c(O)c2)C1O,1
O=C(/C=C/c1ccc(O)c(O)c1)O[C@H]1[C@H](O)C[C@](O)(C(=O)O)C[C@H]1OC(=O)/C=C/c1ccc(O)c(O)c1,1
O=c1cc(-c2ccc(O)cc2)oc2c([C@@H]3O[C@H](CO)[C@@H](O)[C@H](O)[C@H]3O)c(O)c([C@@H]3O[C@H](CO)[C@@H](O)[C@H](O)[C@H]3O)c(O)c12,1
COc1ccc2cc3[n+](cc2c1OC)CCc1cc2c(cc1-3)OCO2,1
CCCCCCCC(O)CC(=O)CCc1ccc(O)c(OC)c1,1
Oc1cc(O)c2c(c1)O[C@H](c1ccc(O)c(O)c1)[C@H](O)[C@H]2c1c(O)cc2c(c1O)C[C@@H](O)[C@@H](c1ccc(O)c(O)c1)O2,1
Oc1cc(O)c2c(c1)O[C@H](c1ccc(O)c(O)c1)[C@@H](O)[C@@H]2c1c(O)cc(O)c2c1O[C@H](c1ccc(O)c(O)c1)[C@@H](O)C2,1
Oc1cc(O)c2c(c1)O[C@H](c1ccc(O)c(O)c1)[C@@H](O)C2,1
Oc1cc(O)c2c(c1)O[C@H](c1ccc(O)c(O)c1)[C@H](O)[C@H]2c1c(O)cc(O)c2c1O[C@H](c1ccc(O)c(O)c1)[C@H](O)[C@H]2c1c(O)cc(O)c2c1O[C@H](c1ccc(O)c(O)c1)[C@H](O)C2,1
O=c1cc(-c2ccc(O)c(O)c2)oc2cc(O)c([C@@H]3O[C@H](CO)[C@@H](O)[C@H](O)[C@H]3O)c(O)c12,1
O=c1cc(-c2ccc(O)cc2)oc2cc(O)c([C@@H]3O[C@H](CO)[C@@H](O)[C@H](O)[C@H]3O)c(O)c12,1
O=c1c(O)c(-c2ccc(O)c(O)c2)oc2cc(O[C@@H]3O[C@H](CO)[C@@H](O)[C@H](O)[C@H]3O)c(O)c(O)c12,1
O=C1C[C@@H](c2ccc(O)c(O)c2)Oc2c1ccc(O[C@@H]1O[C@H](CO)[C@@H](O)[C@H](O)[C@H]1O)c2O,1
O=C(/C=C/c1ccc(O)c(O)c1)c1ccc(O[C@@H]2O[C@H](CO)[C@@H](O)[C@H](O)[C@H]2O)c(O)c1O,1
O=C(O)c1ccccc1O,1
O=C1c2c(O)cc(O)cc2O[C@H](c2ccc(O)cc2)C1O,1
O=C1c2c(O)cc(O)cc2O[C@H](c2ccc(O)c(O)c2)[C@H]1O,1
COc1cc(-c2oc3cc(O)cc(O)c3c(=O)c2O)ccc1O,1
O=C(/C=C/c1ccc(O)c(O)c1)O[C@@H]1C[C@@](OC(=O)/C=C/c2ccc(O)c(O)c2)(C(=O)O)C[C@@H](O)[C@@H]1O,1
COc1c(O)c(-c2c(O)c(OC)c(OC)c3c2cc(OC)c2cc(O)ccc23)c2cc(OC)c3cc(O)ccc3c2c1OC,1
COc1cc(C[C@@H](CO[C@@H]2O[C@H](CO)[C@@H](O)[C@H](O)[C@H]2O)[C@H](CO[C@@H]2O[C@H](CO)[C@@H](O)[C@H](O)[C@H]2O)Cc2ccc(O)c(OC)c2)ccc1O,1
CO[C@H]1OC(OC(=O)c2cc(O)c(O)c(O)c2)[C@H](O)[C@@H](O)[C@@H]1O,1
O=C(O)C1=C[C@@H](OC(=O)c2cc(O)c(O)c(O)c2)[C@@H](O)[C@H](OC(=O)c2cc(O)c(O)c(O)c2)C1,1
COC(=O)c1cc(O)c(O)c(O)c1,1
O=C(Oc1c(O)cc(C(=O)O[C@@H]2C[C@@](O)(C(=O)O)C[C@@H](OC(=O)c3cc(O)c(O)c(O)c3)[C@@H]2OC(=O)c2cc(O)c(O)c(O)c2)cc1O)c1cc(O)c(O)c(O)c1,1
O=C(O)c1cc(O)c(O)c(OC(=O)c2cc(O)c(O)c(O)c2)c1,1
O=C(C(=O)[C@@](O)(C(=O)c1cc(O)c(O)c(O)c1)[C@](O)(C(=O)c1cc(O)c(O)c(O)c1)[C@H](O)[C@H](O)CO)c1cc(O)c(O)c(O)c1,1
O=C(O)C1(O)C[C@@H](O)C(O)(C(=O)c2cc(O)c(O)c(O)c2)[C@@](O)(C(=O)c2cc(O)c(O)c(O)c2)C1(C(=O)c1cc(O)c(O)c(O)c1)C(=O)c1cc(O)c(O)c(O)c1,1
COc1cc(O)c2c(=O)cc(-c3ccc(OC)c(OC)c3)oc2c1,1
O=c1cc(-c2ccc(O)cc2)oc2cccc(OC[C@@H]3O[C@H](CO)[C@@H](O)[C@H](O)[C@H]3O)c12,1
O=C(O)/C=C/c1ccccc1,1
COc1cc2ccc(=O)oc2c(OC)c1OC,1
COc1cc2ccc(=O)oc2cc1OC,1
C=C1CC[C@@H]2[C@H]([C@H]3[C@H]1CC[C@]3(C)O)C2(C)C,1
O=C(O[C@H]1Cc2c(O)cc(O)cc2O[C@H]1c1ccc(O)c(O)c1)c1cc(O)c(O)c(O)c1,1
O=C(O[C@@H]1Cc2c(O)cc(O)cc2O[C@@H]1c1cc(O)c(O)c(O)c1)c1cc(O)c(O)c(O)c1,1
CCCCCCC(=O)c1cc(O)c(O)c(O)c1,1
C=C1CC[C@@H]2[C@](C)(CO)[C@H](O)CC[C@@]2(C)[C@@H]1CCC1=CCOC1=O,1
CC1=C(C=O)C(C)(C)C[C@H](O[C@@H]2O[C@H](CO)[C@@H](O)[C@H](O)[C@H]2O)C1,1
CC(C)=CCC/C(C)=C/C=O,1
CC(C)=CCCC(C)CC=O,1
Cc1ccc(C(C)C)c(O)c1,1
Cc1cc(O)c(C(C)C)cc1O,1
CC(C)C1=CC(=O)C2(C)C(C1=O)C1(C)C(=O)C=C(C(C)C)C(=O)C21,1
CC(C)=CCC[C@](C)(O)[C@H]1CC[C@]2(C)[C@@H]1[C@H](O)C[C@@H]1[C@@]3(C)CC[C@H](O[C@@H]4O[C@H](CO)[C@@H](O)[C@H](O)[C@H]4O[C@@H]4O[C@H](CO)[C@@H](O)[C@H](O)[C@H]4O)C(C)(C)[C@@H]3CC[C@]12C,1
CC(C)=CCC[C@](C)(O[C@@H]1O[C@H](CO)[C@@H](O)[C@H](O)[C@H]1O)[C@H]1CC[C@]2(C)[C@@H]1[C@H](O)C[C@@H]1[C@@]3(C)CC[C@H](O)C(C)(C)[C@@H]3[C@@H](O[C@@H]3O[C@H](CO)[C@@H](O)[C@H](O)[C@H]3O[C@@H]3O[C@@H](C)[C@H](O)[C@@H](O)[C@H]3O)C[C@]12C,1
Cc1coc2c1C(=O)C(=O)c1c-2ccc2c(C)cccc12,1
Cc1coc2c1C(=O)C(=O)c1c-2ccc2c1CCCC2(C)C,1
O=C(/C=C/c1ccc(O)c(O)c1/C=C/c1ccc(O)c(O)c1)O[C@H](Cc1ccc(O)c(O)c1)C(=O)O,1
CCCCC[C@H](O)C[C@H](O)CCc1ccc(O)c(OC)c1,1
CCCCCC(=O)CC(=O)CCc1ccc(O)c(OC)c1,1
COc1cc(CNC(=O)CCCC/C=C/C(C)C)ccc1O,1
COc1cc(/C=C/C(=O)CC(=O)/C=C/c2ccc(O)c(OC)c2)ccc1O,1
CCCCC/C=C/C(=O)CCc1ccc(O[Si](C)(C)C)c(OC)c1,1
C[C@@H]1CC[C@@]2(OC1)O[C@H]1C[C@H]3[C@@H]4CC[C@H]5C[C@@H](O)CC[C@]5(C)[C@H]4CC[C@]3(C)[C@H]1[C@@H]2C,1
C[C@H]1CC[C@@]2(OC1)O[C@H]1C[C@H]3[C@@H]4CC[C@H]5C[C@@H](O)CC[C@]5(C)[C@H]4CC[C@]3(C)[C@H]1[C@@H]2C,1
C[C@@H]1CC[C@@]2(OC1)O[C@H]1C[C@H]3[C@@H]4CC[C@H]5C[C@@H](O)CC[C@]5(C)[C@H]4CC(=O)[C@]3(C)[C@H]1[C@@H]2C,1
C[C@H]1CC[C@@]2(OC1)O[C@@]1(C)C[C@H]3[C@@H]4CC[C@H]5C[C@@H](O)CC[C@]5(C)[C@H]4CC(=O)[C@]3(C)[C@H]1[C@@H]2C,1
C[C@@H]1CC[C@@]2(OC1)O[C@H]1C[C@H]3[C@@H]4CC[C@H]5C[C@@H](O)[C@H](O)C[C@]5(C)[C@H]4CC[C@]3(C)[C@H]1[C@@H]2C,1
C[C@@H]1CC[C@@]2(OC1)O[C@H]1C[C@H]3[C@@H]4CC=C5C[C@@H](O)CC[C@]5(C)[C@H]4CC[C@]3(C)[C@H]1[C@@H]2C,1
COC(=O)C1=CO[C@@H](C)[C@H]2CN3CCc4c([nH]c5ccccc45)[C@@H]3C[C@H]12,1
COC(=O)[C@H]1[C@H]2C[C@@H]3c4[nH]c5cc(OC)ccc5c4CCN3C[C@H]2C[C@@H](OC(=O)c2cc(OC)c(OC)c(OC)c2)[C@@H]1OC,1
COC1=CC=C2[C@H]3Cc4ccc(OC)c5c4[C@@]2(CCN3C)[C@H]1O5,1
COC(=O)[C@@H]1[C@H]2C[C@H]3c4[nH]c5ccccc5c4CCN3C[C@@H]2CC[C@@H]1O,1
COc1ccc(Cc2nccc3cc(OC)c(OC)cc23)cc1OC,1
COc1ccc(C2CC(=O)c3c(OC)cc(OC)cc3O2)c(OC)c1,1
COc1c(O)cc(C2Oc3c(c(O)cc(O)c3C3c4c(O)cc(O)cc4CC(c4ccc(O)cc4)C3O)CC2O)cc1O,1
O=c1oc2c(O)c(O)cc3c(=O)oc4c(O)c(O)cc1c4c23,1
O=C(O)c1cc(O)c(O)c(O)c1,1
CC1(C)CC[C@]2(C(=O)O)CC[C@]3(C)C(=CC[C@@H]4[C@@]5(C)C[C@@H](O)[C@H](O)C(C)(C)[C@@H]5CC[C@]43C)[C@@H]2[C@@H]1O,1
COc1ccc(-c2cc(=O)c3c(OC)c(OC)c(OC)cc3o2)cc1OC,1
COc1ccc(-c2cc(=O)c3c(OC)c(OC)c(OC)cc3o2)cc1,1
COc1ccc(-c2cc(=O)c3c(O)c(OC)c(OC)cc3o2)cc1O,1
COc1ccc(-c2cc(=O)c3c(O)c(OC)c(OC)cc3o2)cc1OC,1
C=C[C@@]1(C)C[C@@H](OC(=O)c2ccccc2)[C@H]2[C@](O)(C1=O)[C@H](OC(C)=O)C[C@H]1C(C)(C)[C@H](O)[C@H](OC(C)=O)[C@H](OC(=O)c3ccccc3)[C@@]12C,1
C=C[C@@]1(C)C[C@@H](OC(=O)c2ccccc2)[C@H]2[C@](O)(C1=O)[C@H](OC(C)=O)C[C@H]1C(C)(C)[C@H](OC(C)=O)[C@H](O)[C@H](OC(=O)c3ccccc3)[C@@]12C,1
C=C[C@@]1(C)CC(=O)[C@H]2[C@](O)(C1=O)[C@H](OC(C)=O)C[C@H]1C(C)(C)[C@H](OC(=O)c3ccccc3)[C@H](OC(C)=O)[C@H](OC(=O)c3ccccc3)[C@@]12C,1
C=C[C@@]1(C)C[C@@H](OC(=O)c2ccccc2)[C@H]2[C@](O)(C1=O)[C@H](OC(C)=O)C[C@H]1C(C)(C)C(=O)[C@H](OC(C)=O)[C@H](OC(=O)c3ccccc3)[C@@]12C,1
C=C[C@H]1[C@@H](OC(=O)c2ccccc2)[C@H]2[C@](O)(C(=O)[C@@]1(C)O)[C@H](OC(C)=O)C[C@H]1C(C)(C)[C@H](O)[C@H](OC(C)=O)[C@H](OC(=O)c3ccccc3)[C@@]12C,1
COc1cc(O)c2c(=O)c(OC)c(-c3ccc(OC)c(OC)c3)oc2c1,1
C=C1CC23CCC4[C@@](C)(CCC[C@@]4(C)C(=O)O)C2[C@@H](OC(C)=O)CC1C3,1
C=C1[C@@H]2CCC3[C@]4(C)CCC[C@@](C)(C(=O)O)C4CC[C@]3(C2)[C@@H]1OC(C)=O,1
C=C1C[C@@]23CC[C@H]4[C@@](C)(CCC[C@@]4(C)C(=O)O)[C@@H]2CC[C@@H]1C3,1
C=C1CC2(CCC3[C@@]4(C)CCC[C@]3(C)OC4=O)CC1CCC2=O,1
C=C1C(=O)C23CCC4[C@@](C)(CCC[C@@]4(C)C(=O)O)C2CCC1C3,1
COc1cc2c(cc1O)C[C@@H]1NCCc3cc(OC)c(OC)c-2c31,1
CN1C2=C3N=c4ccccc4=C3CCN2C(=O)c2ccccc21,1
CC[C@H]1CN2CCc3c([nH]c4ccccc34)[C@@H]2C[C@@H]1/C(=C\OC)C(=O)OC,1
CC[C@H]1CN2CC[C@@]3(C(=O)Nc4ccccc43)[C@@H]2C[C@@H]1/C(=C\OC)C(=O)OC,1
COc1ccc(C[C@@H]2c3cc(Oc4cc(C[C@@H]5c6cc(O)c(OC)cc6CCN5C)ccc4O)c(OC)cc3CCN2C)cc1,1
CN1[C@@H](CC(=O)c2ccccc2)CCC[C@H]1C[C@H](O)c1ccccc1,1
CC1=C2C[C@H]3[C@@H](C[C@@H](O)[C@H]4C[C@@H](O)CC[C@@]43C)[C@@H]2CC[C@@H]1[C@@H](C)[C@@H]1[C@H](O)C[C@@H](C)CN1C,1
CC1=C2C[C@H]3[C@@H](CC(=O)[C@H]4C[C@@H](O)CC[C@@]43C)[C@@H]2CC[C@@H]1[C@@H](C)[C@@H]1[C@H](O)C[C@@H](C)CN1C,1
C=C/C(C)=C/C[C@@H]1C(=C)CCC2[C@@](C)(C(=O)O)CCC[C@]21C,1
CC(C)[C@]12O[C@H]1[C@@H]1O[C@]13[C@]1(O[C@H]1C[C@H]1C4=C(CC[C@@]13C)C(=O)OC4)[C@@H]2O,1
C/C=C(/C)C(=O)O[C@H]1[C@@H](OC(C)=O)c2c(ccc3ccc(=O)oc23)OC1(C)C,1
C/C=C(/C)C(=O)O[C@H](COc1c2ccoc2cc2oc(=O)ccc12)C(C)(C)O,1
O=c1cc(-c2ccc(O)c(O)c2)oc2c([C@@H]3O[C@H](CO)[C@@H](O)[C@H](O)[C@H]3O)c(O)cc(O)c12,1
COc1cc(O)cc(O)c1C(=O)/C=C/c1ccccc1,1
COc1cc(O)cc2c1C(=O)C[C@@H](c1ccccc1)O2,1
CC1(C)C=Cc2c(ccc3c2O[C@@H](O)[C@@H]2c4ccc(O)cc4O[C@H]32)O1,1
O=C(/C=C/c1ccc(O)c2c1C(C(=O)OC(Cc1ccc(O)c(O)c1)C(=O)[O-])C(c1ccc(O)c(O)c1)O2)OC(Cc1ccc(O)c(O)c1)C(=O)[O-].[Mg+2],1
C=CCCC[C@@H](C)C1CCC2C3CCC4C[C@H](OS(=O)(=O)O)[C@@H](OS(=O)(=O)O)C[C@]4(C)C3CC[C@@]21C,1
CC1(C)C=C2C3CC[C@@H]4[C@@]5(C)CCC(=O)C(C)(C)[C@@H]5CC[C@@]4(C)[C@]3(C)CC[C@@]2(C(=O)O)CC1,1
C=C(C)[C@@H]1CC[C@]2(C)CC[C@]3(C)[C@H](CC[C@@H]4[C@@]5(C)CC[C@H](OC(C)=O)C(C)(C)[C@@H]5CC[C@]43C)[C@@H]12,1
C[C@@H]1O[C@@H](O[C@H]2C(=O)c3c(O)cc(O)cc3O[C@H]2c2ccc(O)c(O)c2)[C@H](O)[C@H](O)[C@H]1O,1
C/C(=C\CNc1ncnc2nc[nH]c12)CO,1
CC1(C)C=Cc2c(ccc3ccc(=O)oc23)O1,1
c1cc2c(cc1[C@H]1OC[C@H]3[C@@H]1CO[C@@H]3c1ccc3c(c1)OCO3)OCO2,1
CC(C)[C@H](C)CC[C@@H](C)[C@H]1CC[C@H]2[C@@H]3CC=C4C[C@@H](O)CC[C@]4(C)[C@H]3CC[C@]12C,1
Cc1cc(O)c2c(c1)C(=O)c1cc(O)cc(O)c1C2=O,1
NC(=O)[S-],1
COc1c(O)ccc2c1-c1c3c(cc4c1[C@H](C2)NCC4)OCO3,1
c1cc2c(c3c1CC1NCCc4cc5c(c-3c41)OCO5)OCO2,1
COC(=O)N1c2c(OC)cccc2[C@@]23CCN4CC=C[C@]5(CC[C@]12[C@](O)(C(=O)OC)[C@@H]5O)[C@H]43,1
COc1c2ccccc2nc2occc12,1
C=C(C)C(Cc1c(OC)ccc(C(=O)/C=C/c2ccc(O)cc2)c1O)OO,1
COc1ccc(C(=O)/C=C/c2ccc(O)cc2)c(O)c1C/C=C(\C)CCC=C(C)C,1
OCC1OC(Oc2cc3c(O)cc(O)cc3[o+]c2-c2cc(O)c(O)c(O)c2)C(OC2OCC(O)C(O)C2O)C(O)C1O,0
OC[C@H]1O[C@@H](Oc2cc3c(O)cc(O)cc3[o+]c2-c2ccc(O)c(O)c2)[C@H](O[C@@H]2OC[C@@H](O)[C@H](O)[C@H]2O)[C@@H](O)[C@@H]1O.[Cl-],0
OCC1OC(Oc2cc3c(O)cc(O)cc3[o+]c2-c2ccc(O)c(O)c2)C(O)C(O)C1O.[Cl-],0
O=c1cc(-c2ccc(O)c(O)c2)oc2cc(O[C@@H]3O[C@H](CO)[C@@H](O)[C@H](O)[C@H]3O)cc(O)c12,0
O=C(O)[C@H]1O[C@@H](Oc2c(-c3ccc(O)c(O)c3)oc3cc(O)cc(O)c3c2=O)[C@H](O)[C@@H](O)[C@@H]1O,0
O=C(O[C@@H]1O[C@@H](Oc2c(-c3ccc(O)c(O)c3)oc3cc(O)cc(O)c3c2=O)[C@@H](O)[C@H](O)[C@@H]1O)c1cc(O)c(O)c(O)c1,0
C[C@@H]1O[C@@H](Oc2c(-c3ccc(O)c(O)c3)oc3cc(O)cc(O)c3c2=O)[C@H](O[C@@H]2O[C@H](COC(=O)/C=C/c3ccc(O)c(O)c3)[C@@H](O)[C@H](O)[C@H]2O)[C@H](O)[C@H]1O,0
C[C@@H]1O[C@@H](Oc2c(-c3ccc(O)c(O)c3)oc3cc(O)cc(O)c3c2=O)[C@H](O[C@@H]2O[C@H](COC(=O)/C=C/c3ccc(O)cc3)[C@@H](O)[C@H](O)[C@H]2O)[C@H](O)[C@H]1O,0
O=c1c(O[C@H]2OC[C@@H](O)[C@@H](O)[C@@H]2O)c(-c2ccc(O)c(O)c2)oc2cc(O)cc(O)c12,0
O=c1c(OC2OC[C@@H](O)[C@@H](O)[C@@H]2O)c(-c2ccc(O)cc2)oc2cc(O)cc(O)c12,0
O=C(/C=C/c1ccc(O)c(O)c1)c1ccc(O)cc1O,0
O=c1c(-c2ccc(O)cc2)coc2cc(O)cc(O)c12,0
C[C@H]1[C@H](C)CC[C@]2(C(=O)O)CC[C@]3(C)C(=CC[C@@H]4[C@@]5(C)CC[C@H](O)C(C)(C)[C@@H]5CC[C@]43C)[C@H]12,0
N[C@@H](Cc1ccc(O)c(O)c1)C(=O)O,0
O=c1cc(-c2ccc(O)cc2)oc2cc(O)cc(O)c12,0
O=c1c(OC2O[C@H](CO)[C@@H](O)[C@@H]2O)c(-c2ccc(O)cc2)oc2cc(O)cc(O)c12,0
O=c1c(O[C@@H]2O[C@H](CO)[C@H](O)[C@H](O)[C@H]2O)c(-c2ccc(O)cc2)oc2cc(O)cc(O)c12,0
O=c1c(OC2O[C@H](CO)[C@@H](O)[C@@H]2O)c(-c2ccc(O)c(O)c2)oc2cc(O)cc(O)c12,0
O=c1cc(-c2ccc(O)c(O)c2)oc2cc(O[C@@H]3O[C@H](CO[C@@H]4O[C@H](CO)[C@@H](O)[C@H](O)[C@H]4O)[C@@H](O)[C@H](O)[C@H]3O)cc(O)c12,0
C[C@H]1CC[C@@H]2N(C1)C[C@H]1[C@@H]3C[C@H]4[C@@H](CC(=O)[C@H]5C[C@@H](O)CC[C@@]54C)[C@@H]3CC[C@@H]1[C@]2(C)O,0
C[C@H]1CC[C@@H]2N(C1)C[C@H]1[C@@H]3C[C@H]4[C@@H](C[C@H](O)[C@H]5C[C@@H](O)CC[C@@]54C)[C@@H]3CC[C@@H]1[C@]2(C)O,0
CC1=C2C[C@H]3[C@@H](CC(=O)[C@H]4C[C@@H](O)CC[C@@]43C)[C@@H]2CC[C@]12O[C@@H]1C[C@H](C)CN[C@H]1[C@H]2C,0
O=C(O)[C@H](O)Cc1ccc(O)c(O)c1,0
COc1c(-c2ccc(O)cc2)oc2cc(O)cc(O)c2c1=O,0
COc1cc(C(C)=O)cc2c1OC(C)(C)C=C2,0
COc1c(C(C)O)cc2c(c1OC)OC(C)(C)C=C2,0
C=CC1[C@@H](OC(=O)c2ccccc2)[C@H]2[C@](O)(C(=O)[C@]1(C)O)[C@H](OC(C)=O)C[C@H]1C(C)(C)[C@H](OC(C)=O)[C@H](O)[C@H](OC(=O)c3ccccc3)[C@@]12C,0
C[C@@H]1C[C@@H](O)[C@@H]([C@H](C)[C@H]2CCC3=C(C[C@H]4C3=CC(=O)[C@H]3C[C@@H](O)CC[C@@]34C)[C@H]2C)N(C)C1,0
C=CCC1=C[C@]2(OC)C(=CC1=O)O[C@H](c1ccc(OC)c(OC)c1)[C@H]2C,0
O=c1c(O[C@@H]2O[C@H](CO)[C@@H](O)[C@H](O)[C@H]2O)c(-c2ccc(O)cc2)oc2cc(O)cc(O)c12,0
O=C(O[C@H]1[C@H](Oc2c(-c3ccc(O)cc3)oc3cc(O)cc(O)c3c2=O)O[C@H](CO)[C@@H](O)[C@@H]1O)c1cc(O)c(O)c(O)c1,0
CCOC(=O)C1=C(C)NC(C)=C(C(=O)OCC)C1c1ccccc1/C=C/C(=O)OC(C)(C)C,1
CCOC(=O)C1=C(C)NC(C)=C(C(=O)OCC)C1c1ccccc1/C=C/C(=O)NC(C)(C)C,1
CCOC(=O)C1=C(C)NC(C)=C(C(=O)OCC)C1c1ccccc1/C=C/C(=O)NCC(C)C,1
CCOC(=O)C1=C(C)NC(C)=C(C(=O)OCC)C1c1ccccc1/C=C/C(=O)N(CC)CC,1
CCCCN(C)C(=O)/C=C/c1ccccc1C1C(C(=O)OCC)=C(C)NC(C)=C1C(=O)OCC,1
CCOC(=O)C1=C(C)NC(C)=C(C(=O)OCC)C1c1ccccc1/C=C/C(=O)N(C)C(C)(C)C,1
CCCCCN(CCCCC)C(=O)/C=C/c1ccccc1C1C(C(=O)OCC)=C(C)NC(C)=C1C(=O)OCC,1
CCCCc1nc(Cl)c(C(=O)N[C@@H](Cc2ccccc2)C(=O)OC)n1C,1
CCCCc1nc(Cl)c(C(=O)N[C@@H](Cc2cc3ccccc3[nH]2)C(=O)OC)n1C,1
CCCCc1nc(Cl)c(C(=O)N[C@H](C(=O)O)[C@@H](C)CC)n1C,1
CCCCc1nc(Cl)c(C(=O)N[C@@H](CCSC)C(=O)O)n1C,1
CCCCc1nc(Cl)c(C(=O)N[C@@H](Cc2ccccc2)C(=O)O)n1C,1
CCCOC(=O)[C@H](CCc1ccccc1)N[C@@H](C)C(=O)N1N=C(C(C)(C)C)S[C@H]1C(=O)O,1
C[C@H](N[C@@H](CCc1ccccc1)C(=O)O)C(=O)N1N=C(C(C)(C)C)S[C@H]1C(=O)O,1
CNC(=S)C1=CC(C)(C)Oc2ccc([N+](=O)[O-])cc21,1
CNC(=O)C1=CC(C)(C)Oc2ccc([N+](=O)[O-])cc21,1
CC1(C)C=C(C(=S)NCCC#N)c2cc([N+](=O)[O-])ccc2O1,1
CC1(C)C=C(C(=O)NCCC#N)c2cc([N+](=O)[O-])ccc2O1.O,1
CNC(=S)C1=CC(C)(CF)Oc2ccc([N+](=O)[O-])cc21,1
CNC(=O)C1=CC(C)(CF)Oc2ccc([N+](=O)[O-])cc21,1
CC1(CF)C=C(C(=S)NCCC#N)c2cc([N+](=O)[O-])ccc2O1,1
CC1(CF)C=C(C(=O)NCCC#N)c2cc([N+](=O)[O-])ccc2O1,1
CNC(=S)C1=CC(CF)(CF)Oc2ccc([N+](=O)[O-])cc21,1
CNC(=O)C1=CC(CF)(CF)Oc2ccc([N+](=O)[O-])cc21,1
N#CCCNC(=S)C1=CC(CF)(CF)Oc2ccc([N+](=O)[O-])cc21,1
N#CCCNC(=O)C1=CC(CF)(CF)Oc2ccc([N+](=O)[O-])cc21,1
CNC(=S)C1=CC(C)(C(F)(F)F)Oc2ccc([N+](=O)[O-])cc21,1
CNC(=O)C1=CC(C)(C(F)(F)F)Oc2ccc([N+](=O)[O-])cc21,1
CC1(C(F)(F)F)C=C(C(=S)NCCC#N)c2cc([N+](=O)[O-])ccc2O1,1
CC1(C(F)(F)F)C=C(C(=O)NCCC#N)c2cc([N+](=O)[O-])ccc2O1,1
CNC(=S)C1=CC(C(F)(F)F)(C(F)(F)F)Oc2ccc([N+](=O)[O-])cc21,1
CNC(=O)C1=CC(C(F)(F)F)(C(F)(F)F)Oc2ccc([N+](=O)[O-])cc21,1
N#CCCNC(=S)C1=CC(C(F)(F)F)(C(F)(F)F)Oc2ccc([N+](=O)[O-])cc21,1
N#CCCNC(=O)C1=CC(C(F)(F)F)(C(F)(F)F)Oc2ccc([N+](=O)[O-])cc21,1
N#Cc1ccc2c(c1)[C@@H](N1CCCC1)CCO2,1
CC(N/C(=N\C#N)Nc1ccncc1)C(C)(C)C,1
CNC(=S)[C@]1(c2cccnc2)CCCCS1=O,1
CCc1nc2ccc(C3Nc4c(C)cccc4O3)cc2n1Cc1cccc2c1CCN2c1ccccc1C(=O)O,1
CCCc1nc2ccc(C3Nc4c(C)cccc4O3)cc2n1Cc1cccc2c1CCN2c1ccccc1C(=O)O,1
CCCCc1nc2ccc(C3Nc4c(C)cccc4O3)cc2n1Cc1cccc2c1CCN2c1ccccc1C(=O)O,1
CCc1nc2ccc(C3Nc4cccc(C)c4O3)cc2n1Cc1cccc2c1CCN2c1ccccc1C(=O)O,1
CCCc1cc2ccc(C3Nc4cccc(C)c4O3)cc2n1Cc1cccc2c1CCN2c1ccccc1C(=O)O,1
CCCCc1cc2ccc(C3Nc4cccc(C)c4O3)cc2n1Cc1cccc2c1CCN2c1ccccc1C(=O)O,1
CCc1cc2ccc(C3Nc4c(C)cccc4O3)cc2n1Cc1cccc2c1CCN2c1ccccc1C(=O)O,1
CCCc1cc2ccc(C3Nc4c(C)cccc4O3)cc2n1Cc1cccc2c1CCN2c1ccccc1C(=O)O,1
CCCCc1cc2ccc(C3Nc4c(C)cccc4O3)cc2n1Cc1cccc2c1CCN2c1ccccc1C(=O)O,1
CCc1cc2ccc(C3Nc4cccc(C)c4O3)cc2n1Cc1cccc2c1CCN2c1ccccc1C(=O)O,1
O=c1c2ccccc2nc2n(Cc3ccccc3)cnn12,1
Cc1nn2c(=O)c3ccccc3nc2n1Cc1ccccc1,1
CCCc1nn2c(=O)c3ccccc3nc2n1Cc1ccccc1,1
O=c1c2ccccc2nc2n(Cc3ccccc3)c(CCl)nn12,1
CN1CC[C@]23c4c5ccc(OCc6nn7c(=O)c8ccccc8nc7n6Cc6ccccc6)c4O[C@H]2[C@@H](O)C=C[C@H]3[C@H]1C5,1
O=c1c2ccccc2nc2n(Cc3ccccc3)c(CN3CCCCC3)nn12,1
O=c1c2ccccc2nc2n(Cc3ccccc3)c(-c3ccccc3)nn12,1
Cc1ccc(-c2nn3c(=O)c4ccccc4nc3n2Cc2ccccc2)cc1,1
COc1ccc(-c2nn3c(=O)c4ccccc4nc3n2Cc2ccccc2)cc1,1
CCOc1ccc(-c2nn3c(=O)c4ccccc4nc3n2Cc2ccccc2)cc1,1
COc1cc2nc(N3CCN(C(=O)c4ccco4)CC3)nc(N)c2cc1OC,1
COc1ccc(CC2C(=O)CCN2C(=O)C(C)CS)cc1,1
COc1ccc(CC2C(=NO)CCN2C(=O)C(C)CS)cc1,1
COc1ccc(CC2C(=NCCO)CCN2C(=O)C(C)CS)cc1,1
CCOC(=O)C(C)N=C1CCN(C(=O)C(C)CS)C1Cc1ccc(OC)cc1,1
C[C@H](CS)C(=O)N1CCC[C@H]1C(=O)O,1
O=[N+]([O-])c1ccccc1-c1nc2cc(C(F)(F)F)ccc2[nH]1,1
COc1cc(-c2nc3cc(C(F)(F)F)ccc3[nH]2)ccc1O,1
FC(F)(F)c1ccc2[nH]c(-c3ccc4c(c3)OCO4)nc2c1,1
O=[N+]([O-])c1ccc2[nH]c(-c3ccccc3)nc2c1,1
COc1ccccc1-c1nc2cc([N+](=O)[O-])ccc2[nH]1,1
CCOc1ccccc1-c1nc2cc([N+](=O)[O-])ccc2[nH]1,1
COc1cc(-c2nc3cc([N+](=O)[O-])ccc3[nH]2)ccc1O,1
COc1ccc(-c2nc3cc([N+](=O)[O-])ccc3[nH]2)cc1OC,1
COc1ccc(-c2nc3cc([N+](=O)[O-])ccc3[nH]2)c(OC)c1OC,1
CCCCC(=O)N(Cc1ccc(-c2ccccc2-c2noc(=O)[nH]2)cc1)[C@@H](CCC)C(=O)O,1
CCCC(=O)N(Cc1ccc(-c2ccccc2-c2noc(=O)[nH]2)cc1)[C@@H](CC)C(=O)O,1
CCC[C@@H](C(=O)O)N(Cc1ccc(-c2ccccc2-c2noc(=O)[nH]2)cc1)C(=O)CC,1
CCCCC(=O)N(Cc1ccc(-c2ccccc2-c2noc(=O)[nH]2)cc1)[C@@H](CCCC)C(=O)O,1
CCCC[C@@H](C(=O)O)N(Cc1ccc(-c2ccccc2-c2noc(=O)[nH]2)cc1)C(=O)CCC,1
CCCC[C@@H](C(=O)O)N(Cc1ccc(-c2ccccc2-c2noc(=O)[nH]2)cc1)C(=O)Cc1ccccc1,1
CCC[C@@H](C(=O)O)N(Cc1ccc(-c2ccccc2-c2noc(=O)[nH]2)cc1)C(=O)Cc1ccccc1,1
CCCC(=O)N(Cc1ccc(-c2cc(F)ccc2-c2noc(=O)[nH]2)cc1)[C@@H](CCC)C(=O)O,1
CCCCC(=O)N(Cc1ccc(-c2ccccc2-c2nnn[nH]2)cc1)[C@H](C(=O)O)C(C)C,1
NCCCC[C@H](N[C@@H](CCc1ccccc1)C(=O)O)C(=O)N1CCC[C@H]1C(=O)O,1
CCOC(=O)[C@H](CCc1ccccc1)N[C@@H](C)C(=O)N1[C@H](C(=O)O)C[C@@H]2CCC[C@@H]21,1
CCOC(=O)[C@H](CCc1ccccc1)N[C@H]1CCc2ccccc2N(CC(=O)O)C1=O,1
O=C1[C@@H]2C[C@@H](O)CN2C(=O)c2ccccc2N1Cc1cccc(Br)c1,1
O=C1[C@@H]2C[C@@H](O)CN2C(=O)c2ccccc2N1Cc1ccc(Br)cc1,1
COc1cc(CN2C(=O)[C@@H]3C[C@@H](O)CN3C(=O)c3ccccc32)cc(OC)c1OC,1
O=C1[C@@H]2C[C@@H](O)CN2C(=O)c2ccccc2N1Cc1cc(Br)cs1,1
CCc1nc2cc([N+](=O)[O-])ccc2n1Cc1cccc2c1ccn2-c1ccccc1C(=O)O,1
CCCc1nc2cc([N+](=O)[O-])ccc2n1Cc1cccc2c1ccn2-c1ccccc1C(=O)O,1
CCCCc1nc2cc([N+](=O)[O-])ccc2n1Cc1cccc2c1ccn2-c1ccccc1C(=O)O,1
CCCCCc1nc2cc([N+](=O)[O-])ccc2n1Cc1cccc2c1ccn2-c1ccccc1C(=O)O,1
CCCc1nc2cc([N+](=O)[O-])ccc2n1Cc1ccc2c(ccn2-c2ccccc2C(=O)O)c1,1
CCCCc1nc2cc([N+](=O)[O-])ccc2n1Cc1ccc2c(ccn2-c2ccccc2C(=O)O)c1,1
CCCCc1nc(Cl)c(CO)n1Cc1ccc(-c2ccccc2-c2nnn[nH]2)cc1,1
CNCC(O)c1cccc(O)c1,1
COc1cc2nc(N3CCN(C(=O)C4CCCO4)CC3)nc(N)c2cc1OC,1
Cl.O=C1CCCN1CCCCN1CCN(C(c2ccc(F)cc2)c2ccc(F)cc2)CC1,1
Cl.O=C1CCCN1CCCCN1CCN(c2ccccc2Cl)CC1,1
Cc1ccccc1N1CCN(CCCCN2CCCC2=O)CC1.Cl,1
Cl.O=C1CCCN1CCCCN1CCN(c2ccccc2O)CC1,1
Cl.O=C1CCCN1CCCCN1CCN(c2ccc(F)cc2F)CC1,1
Cl.O=C1CCCN1CCCCN1CCN(C(c2ccccc2)c2ccccc2)CC1,1
COc1cc2ncn(Cc3ccccc3)c(=O)c2cc1OC,1
COc1cc2ncn(Cc3ccc(F)cc3)c(=O)c2cc1OC,1
COc1ccc(Cn2cnc3cc(OC)c(OC)cc3c2=O)cc1,1
COc1cc2ncn(Cc3ccccc3Cl)c(=O)c2cc1OC,1
COc1cc2ncn(Cc3ccccc3C)c(=O)c2cc1OC,1
COc1ccc(Cn2cnc3ccc(OC=O)cc3c2=O)cc1,1
COc1cc(OC)c(OC)cc1Cn1cnc2cc(OC)c(OC)cc2c1=O,1
COc1cc2ncn(Cc3ccccc3OC=O)c(=O)c2cc1OC,1
CCOC(=O)C1=C(C)NC(C)=C(C(=O)OC)C1c1cccc([N+](=O)[O-])c1,1
COc1cc2ncn(Cc3ccc(OC)c(Oc4ccccc4)c3)c(=O)c2cc1OC,1
COc1cc2ncn(Cc3ccc(Oc4ccccc4)c(OC)c3)c(=O)c2cc1OC,1
COc1cc2ncn(Cc3ccc(OCc4ccc(F)cc4)c(OC)c3)c(=O)c2cc1OC,1
COc1cc2ncn(Cc3ccc(OCc4cccc(F)c4)c(OC)c3)c(=O)c2cc1OC,1
COc1ccc(COc2ccc(Cn3cnc4cc(OC)c(OC)cc4c3=O)cc2OC)cc1OC,1
COc1cc2ncn(Cc3ccc(OCc4ccc(F)c(Cl)c4)cc3)c(=O)c2cc1OC,1
COc1cc2ncn(Cc3ccc(OCc4ccc(F)c(F)c4)cc3)c(=O)c2cc1OC,1
COc1cc(COc2ccc(Cn3cnc4cc(OC)c(OC)cc4c3=O)cc2)ccc1O,1
COc1cc2ncn(Cc3ccc(OCc4ccc(Cl)cc4Cl)cc3)c(=O)c2cc1OC,1
CCCc1nc2c(C)cc(C(=O)NC[C@H](C)c3ccccc3)cc2n1Cc1ccc(-c2cccc(-c3nnn[nH]3)c2)cc1,1
CCCc1nc2c(C)cc(C(=O)N[C@@H](C)c3ccccc3)cc2n1Cc1ccc(-c2cccc(C(=O)O)c2)cc1,1
CCCc1nc2c(C)cc(C(=O)N[C@H](C)c3ccccc3)cc2n1Cc1ccc(-c2cccc(C(=O)O)c2)cc1,1
CCCc1nc2c(C)cc(C(=O)N[C@@H](C)c3ccccc3)cc2n1Cc1ccc(-c2cccc(-c3nnn[nH]3)c2)cc1,1
CCCc1nc2c(C)cc(C(=O)N[C@H](C)c3ccccc3)cc2n1Cc1ccc(-c2cccc(-c3nnn[nH]3)c2)cc1,1
CCCc1nc2c(C)cc(C(=O)N[C@H](CO)c3ccccc3)cc2n1Cc1ccc(-c2cccc(C(=O)O)c2)cc1,1
CCCc1nc2c(C)cc(C(=O)N[C@@H](CO)c3ccccc3)cc2n1Cc1ccc(-c2cccc(C(=O)O)c2)cc1,1
CCCc1nc2c(C)cc(C(=O)N[C@H](CO)c3ccccc3)cc2n1Cc1ccc(-c2cccc(-c3nnn[nH]3)c2)cc1,1
CCCc1nc2c(C)cc(C(=O)N[C@@H](CO)c3ccccc3)cc2n1Cc1ccc(-c2cccc(-c3nnn[nH]3)c2)cc1,1
CCCc1nc2c(C)cc(C(=O)N[C@H](COC)c3ccccc3)cc2n1Cc1ccc(-c2cccc(C(=O)O)c2)cc1,1
CCCc1nc2c(C)cc(C(=O)N[C@@H](COC)c3ccccc3)cc2n1Cc1ccc(-c2cccc(C(=O)O)c2)cc1,1
CCCc1nc2c(C)cc(C(=O)N[C@H](COC)c3ccccc3)cc2n1Cc1ccc(-c2cccc(-c3nnn[nH]3)c2)cc1,1
CCCc1nc2c(C)cc(C(=O)N[C@@H](COC)c3ccccc3)cc2n1Cc1ccc(-c2cccc(-c3nnn[nH]3)c2)cc1,1
CCCc1nc2c(C)cc(C(=O)NC[C@@H](C)c3ccccc3)cc2n1Cc1ccc(-c2cccc(C(=O)O)c2)cc1,1
CCCc1nc2c(C)cc(C(=O)NC[C@H](C)c3ccccc3)cc2n1Cc1ccc(-c2cccc(C(=O)O)c2)cc1,1
CCCc1nc2c(C)cc(C(=O)NC[C@@H](C)c3ccccc3)cc2n1Cc1ccc(-c2cccc(-c3nnn[nH]3)c2)cc1,1
CCCc1nc2c(C)cc(C(=O)NCC(C)c3ccccc3)cc2n1Cc1ccc(-c2cccc(-c3nnn[nH]3)c2)cc1,1
CCCc1nc2c(C)cc(C(=O)NC[C@@H](O)c3ccccc3)cc2n1Cc1ccc(-c2cccc(C(=O)O)c2)cc1,1
CCCc1nc2c(C)cc(C(=O)NC[C@H](O)c3ccccc3)cc2n1Cc1ccc(-c2cccc(C(=O)O)c2)cc1,1
CCCc1nc2c(C)cc(C(=O)NC[C@@H](O)c3ccccc3)cc2n1Cc1ccc(-c2cccc(-c3nnn[nH]3)c2)cc1,1
CCCc1nc2c(C)cc(C(=O)NC[C@H](O)c3ccccc3)cc2n1Cc1ccc(-c2cccc(-c3nnn[nH]3)c2)cc1,1
CCCc1nc2c(C)cc(C(=O)NCCc3ccccc3)cc2n1Cc1ccc(-c2cccc(C(=O)O)c2)cc1,1
CCCc1nc2c(C)cc(C(=O)NCc3ccccc3)cc2n1Cc1cccc2c1ccn2-c1ccccc1C(=O)O,1
CCCc1nc2c(C)cc(C(=O)NCCc3ccccc3)cc2n1Cc1ccc2c(ccn2-c2ccccc2C(=O)O)c1,1
Cc1nc(C)c2c(n1)N(Cc1ccc(-c3ccccc3-c3nnn[nH]3)cc1)C(=O)CC2,1
Cc1nc2c(c(C(F)(F)F)n1)CCC(=O)N2Cc1ccc(-c2ccccc2-c2nnn[nH]2)cc1,1
Cc1nc2c(c(C(F)(F)F)n1)CC(C)C(=O)N2Cc1ccc(-c2ccccc2-c2nnn[nH]2)cc1,1
Cc1nc(C)c2c(n1)N(Cc1ccc(-c3ccccc3-c3nnn[nH]3)cc1)C(=O)C(C)(C)C2,1
CCc1nc(C)nc2c1CCC(=O)N2Cc1ccc(-c2ccccc2-c2nnn[nH]2)cc1,1
Cc1nc(C(C)C)c2c(n1)N(Cc1ccc(-c3ccccc3-c3nnn[nH]3)cc1)C(=O)CC2,1
CCCc1nc(C)nc2c1CCC(=O)N2Cc1ccc(-c2ccccc2-c2nnn[nH]2)cc1,1
CCc1nc(C)c2c(n1)N(Cc1ccc(-c3ccccc3-c3nnn[nH]3)cc1)C(=O)CC2,1
Cc1nc(C(C)C)nc2c1CCC(=O)N2Cc1ccc(-c2ccccc2-c2nnn[nH]2)cc1,1
CCCc1nc(C)c2c(n1)N(Cc1ccc(-c3ccccc3-c3nnn[nH]3)cc1)C(=O)CC2,1
Cc1nc(CO)c2c(n1)N(Cc1ccc(-c3ccccc3-c3nnn[nH]3)cc1)C(=O)CC2,1
Cc1nc(C=O)c2c(n1)N(Cc1ccc(-c3ccccc3-c3nnn[nH]3)cc1)C(=O)CC2,1
Cc1nc(CO)nc2c1CCC(=O)N2Cc1ccc(-c2ccccc2-c2nnn[nH]2)cc1,1
Cc1nc(C)c2c(n1)N(Cc1ccc(-c3ccccc3-c3nnn[nH]3)cc1)CCC2,1
Cc1nc(C)c2c(n1)N(Cc1ccc(-c3ccccc3C(=O)[O][K])cc1)C(=O)CC2.O,1
Cc1nc(C)c2c(n1)N(Cc1ccc(-c3ccccc3-c3nnn[nH]3)nc1)C(=O)CC2,1
Cc1nc(C)c2c(n1)N(Cc1ccc(-c3ccccc3-c3nnn[nH]3)cn1)C(=O)CC2,1
C[C@H](NC(CCc1ccccc1)C(=O)O)C(=O)N1C(=O)NC[C@H]1C(=O)O,1
CCCCCCCCC(N[C@H](C)C(=O)N1C(=O)N(C)C[C@H]1C(=O)O)C(=O)O,1
CCCCCCCCC(N[C@@H](C)C(=O)N1C(=O)N(C)C[C@H]1C(=O)O)C(=O)O,1
CCCCCCCCC(N[C@@H](CC)C(=O)N1C(=O)N(C)C[C@H]1C(=O)O)C(=O)O,1
C[C@H](NC(CCc1ccccc1)C(=O)O)C(=O)N1C(=O)N(C)C[C@H]1C(=O)O,1
CCCCN1C[C@@H](C(=O)O)N(C(=O)[C@H](C)NC(CCc2ccccc2)C(=O)O)C1=O,1
CC(C)CC(N[C@@H](C)C(=O)N1C(=O)N(Cc2ccccc2)C[C@H]1C(=O)O)C(=O)O,1
CC(C)CCC(N[C@@H](C)C(=O)N1C(=O)N(Cc2ccccc2)C[C@H]1C(=O)O)C(=O)O,1
CCCCCCCCC(N[C@@H](C)C(=O)N1C(=O)N(Cc2ccccc2)C[C@H]1C(=O)O)C(=O)O,1
CCCCCCCCC(N[C@@H](CC)C(=O)N1C(=O)N(Cc2ccccc2)C[C@H]1C(=O)O)C(=O)O,1
C[C@H](NC(Cc1ccccc1)C(=O)O)C(=O)N1C(=O)N(Cc2ccccc2)C[C@H]1C(=O)O,1
C[C@@H](NC(CCc1ccccc1)C(=O)O)C(=O)N1C(=O)N(Cc2ccccc2)C[C@H]1C(=O)O,1
C[C@H](NC(CCc1ccccc1)C(=O)O)C(=O)N1C(=O)N(Cc2ccccc2)C[C@H]1C(=O)O,1
CC[C@H](NC(CCc1ccccc1)C(=O)O)C(=O)N1C(=O)N(Cc2ccccc2)C[C@H]1C(=O)O,1
C[C@H](N[C@@H](CCc1ccccc1)C(=O)O)C(=O)N1CCC[C@H]1C(=O)O,1
CCCCCCCCC(N[C@@H](C)C(=O)N1C(=O)N(C)C[C@H]1C(=O)O)C(=O)OCC,1
CCOC(=O)C(CCc1ccccc1)N[C@@H](C)C(=O)N1C(=O)N(C)C[C@H]1C(=O)O,1
CCOC(=O)C(CCc1ccccc1)N[C@H](C)C(=O)N1C(=O)N(C)C[C@H]1C(=O)O,1
CCCCCCCCC(N[C@@H](C)C(=O)N1C(=O)N(Cc2ccccc2)C[C@@]1(C)C(=O)O)C(=O)OCC,1
CCOC(=O)C(CCc1ccccc1)N[C@@H](C)C(=O)N1C(=O)N(Cc2ccccc2)C[C@@]1(C)C(=O)O,1
CCOC(=O)[C@H](CCc1ccccc1)N[C@@H](C)C(=O)N1CC2(C[C@H]1C(=O)O)SCCS2,1
C[C@H](N[C@@H](CCc1ccccc1)C(=O)O)C(=O)N1CC2(C[C@H]1C(=O)O)SCCS2,1
C[C@H](N[C@H](CCc1ccccc1)C(=O)O)C(=O)N1CC2(C[C@H]1C(=O)O)SCCS2,1
NCCC[C@H](N[C@@H](CCc1ccccc1)C(=O)O)C(=O)N1CC2(C[C@H]1C(=O)O)SCCS2,1
CCOC(=O)[C@H](CCc1ccccc1)NCC(=O)N1CC2(C[C@H]1C(=O)O)SCCS2,1
CCOC(=O)[C@H](CCc1ccccc1)N[C@@H](C)C(=O)N1CCC[C@H]1C(=O)O,1
CCOC(=O)C(CCc1ccccc1)OC(C)C(=O)N1CCC[C@H]1C(=O)O,1
CCOC(=O)C(CCc1ccccc1)OC(C)C(=O)N1CC2CCCCC2[C@H]1C(=O)O,1
CCOC(=O)C(CCc1ccccc1)OC(C)C(=O)N1CC2CCCCC2C[C@H]1C(=O)O,1
CCOC(=O)C(CCc1ccccc1)SC(C)C(=O)N1CCC[C@H]1C(=O)O,1
CCOC(=O)C(CCc1ccccc1)SC(C)C(=O)N1CSC[C@H]1C(=O)O,1
CCOC(=O)C(CCc1ccccc1)SC(C)C(=O)N1CC2CCCCC2[C@H]1C(=O)O,1
CCOC(=O)C(CCc1ccccc1)SC(C)C(=O)N1Cc2ccccc2C[C@H]1C(=O)O,1
CC(OC(CCc1ccccc1)C(=O)O)C(=O)N1CCC[C@H]1C(=O)O,1
CC(OC(CCc1ccccc1)C(=O)O)C(=O)N1Cc2ccccc2C[C@H]1C(=O)O,1
CC(SC(CCc1ccccc1)C(=O)O)C(=O)N1CCC[C@H]1C(=O)O,1
CC(SC(CCc1ccccc1)C(=O)O)C(=O)N1CC2CCCCC2[C@H]1C(=O)O,1
CC(SC(CCc1ccccc1)C(=O)O)C(=O)NC1(C(=O)O)CCCC1,1
CC(S[C@@H](CCc1ccccc1)C(=O)O)C(=O)NC1(C=O)CCC(c2ccccc2)CC1,1
CCOCC(CCc1ccccc1)SOC(C)C(=O)N1C2CCCCC2C[C@H]1C(=O)O,1
CCOCC(CCc1ccccc1)S(=O)OC(C)C(=O)N1CCC[C@H]1C(=O)O,1
CCOC(=O)C(CCc1ccccc1)S(=O)(=O)C(C)C(=O)N1CCC[C@H]1C(=O)O,1
CCOC(=O)C(CCc1ccccc1)NC(C)C(=O)N1C(C(=O)O)c2ccccc2C[C@H]1C(=O)O,1
CC(NC(CCc1ccccc1)C(=O)O)C(=O)N1C(C(=O)O)c2ccccc2C[C@H]1C(=O)O,1
CCOC(=O)C(CCc1ccccc1)NC(C)C(=O)N1CC2CCCCC2[C@H]1C(=O)O,1
CC(NC(CCc1ccccc1)C(=O)O)C(=O)N1CC2CCCCC2[C@H]1C(=O)O,1
NCCCC[C@H](N[C@@H]1CCc2ccccc2N(CC(=O)O)C1=O)C(=O)O,1
CCOC(=O)[C@H](CCCCN)N[C@@H]1CCc2ccccc2N(CC(=O)O)C1=O,1
O=C(O)CN1C(=O)[C@H](N[C@@H](CCCCNC(=O)OCc2ccccc2)C(=O)O)CCc2ccccc21,1
CCOC(=O)[C@H](CCCCNC(=O)OCc1ccccc1)N[C@@H]1CCc2ccccc2N(CC(=O)O)C1=O,1
CC(C)(C)OC(=O)NCCCC[C@H](N[C@@H]1CCc2ccccc2N(CC(=O)O)C1=O)C(=O)O,1
CCOC(=O)[C@H](CCCCNCOc1ccccc1)N[C@@H]1CCc2ccccc2N(CC(=O)O)C1=O,1
O=C(O)CN1C(=O)[C@H](N[C@@H](COCc2ccccc2)C(=O)O)CCc2ccccc21,1
CCOC(=O)[C@H](COCc1ccccc1)N[C@@H]1CCc2ccccc2N(CC(=O)O)C1=O,1
O=C(O)CN1C(=O)[C@H](N[C@@H](CSCc2ccccc2)C(=O)O)CCc2ccccc21,1
CCOC(=O)[C@H](CSCc1ccccc1)N[C@@H]1CCc2ccccc2N(CC(=O)O)C1=O,1
O=C(O)CN1C(=O)[C@H](N[C@@H](CSCCc2ccccc2)C(=O)O)CCc2ccccc21,1
O=C(O)CN1C(=O)[C@H](N[C@@H](CSc2ccccc2)C(=O)O)CCc2ccccc21,1
CCOC(=O)[C@H](CSc1ccccc1)N[C@@H]1CCc2ccccc2N(CC(=O)O)C1=O,1
O=C(O)CN1C(=O)[C@H](N[C@H](Cc2ccccc2)C(=O)O)CCc2ccccc21,1
CCOC(=O)[C@H](Cc1ccccc1)N[C@H]1CCc2ccccc2N(CC(=O)O)C1=O,1
O=C(O)CN1C(=O)[C@H](N[C@@H](CC2=c3ccccc3=NC2)C(=O)O)CCc2ccccc21,1
CCOC(=O)[C@@H](CC1=c2ccccc2=NC1)N[C@@H]1CCc2ccccc2N(CC(=O)O)C1=O,1
CC(C)C[C@H](N[C@@H]1CCc2ccccc2N(CC(=O)O)C1=O)C(=O)O,1
COC(=O)[C@@H](CC(C)C)N[C@H]1CCc2ccccc2N(CC(=O)O)C1=O,1
CCCC[C@H](N[C@@H]1CCc2ccccc2N(CC(=O)O)C1=O)C(=O)O,1
CCCC[C@@H](N[C@@H]1CCc2ccccc2N(CC(=O)O)C1=O)C(=O)OCC,1
CSCC[C@H](N[C@@H]1CCc2ccccc2N(CC(=O)O)C1=O)C(=O)O,1
CCOC(=O)[C@@H](CCSC)N[C@@H]1CCc2ccccc2N(CC(=O)O)C1=O,1
CCC[C@H](N[C@@H]1CCc2ccccc2N(CC(=O)O)C1=O)C(=O)O,1
CCC[C@H](N[C@H]1CCc2ccccc2N(CC(=O)O)C1=O)C(=O)OCC,1
CC(CS)C(=O)NCC(=O)O,1
CC(CS)C(=O)N(C)CC(=O)O,1
CCN(CC(=O)O)C(=O)C(C)CS,1
CC(CS)C(=O)N(CC(=O)O)C(C)C,1
C.CC(=O)SCCC(=O)N(CC(=O)O)C(C)C,1
CC(CS)C(=O)N(CC(=O)O)C1CC1,1
CC(=O)SCC(C)C(=O)N(CC(=O)O)C1CC1,1
CC(C(=O)O)N(C(=O)CCS)C1CC1,1
CC(=O)SCCC(=O)N(C1CC1)C(C)C(=O)O,1
CC(CS)C(=O)N(CC(=O)O)C1CCC1,1
CC(=O)SCC(C)C(=O)N(CC(=O)O)C1CCC1,1
CC(CS)C(=O)N(CC(=O)O)C1CCCC1,1
CC(=O)SCC(C)C(=O)N(CC(=O)O)C1CCCC1,1
CC(CS)C(=O)N(CC(=O)O)C1CCCCC1,1
CC(=O)SCC(C)C(=O)N(CC(=O)O)C1CCCCC1,1
CC(CS)C(=O)N(CC(=O)O)C1CCCCCC1,1
CC(=O)SCC(C)C(=O)N(CC(=O)O)C1CCCCCC1,1
CC(CS)C(=O)N(CC(=O)O)[C@@H]1C[C@H]2CC[C@@H]1C2,1
CC(=O)SCC(C)C(=O)N(CC(=O)O)C1CC2CC23CCC13,1
CC(CS)C(=O)N(CC[C@@H]1CC2CC(C1C)C2(C)C)CC(=O)O,1
CC(=O)SCC(C)C(=O)N(CCC1CC2CC(C1)C2(C)C)CC(=O)O,1
CC(CS)C(=O)N(CC(=O)O)C[C@H]1CC2CC(C1C)C2(C)C,1
CC(=O)SCC(C)C(=O)N(CC(=O)O)C[C@H]1CC2CC(C1C)C2(C)C,1
CC(=O)SCC(C)C(=O)N(CC(=O)O)[C@@H]1CCC2CC1C2(C)C,1
CC(CS)C(=O)N(CC(=O)O)C1Cc2ccccc2C1,1
CC(=O)SCC(C)C(=O)N(CC(=O)O)C1Cc2ccccc2C1,1
COCCN(CC(=O)O)C(=O)C(C)CS,1
CSCCCN(CC(=O)O)C(=O)C(C)CS,1
CSCCCN(CC(=O)O)C(=O)C(C)CSC(C)=O,1
CC(CS)C(=O)N(CCC1CCCO1)CC(=O)O,1
CC(=O)SCC(C)C(=O)N(CCC1CCCO1)CC(=O)O,1
CC(CS)C(=O)N(CCc1ccco1)CC(=O)O,1
CC(CS)C(=O)N(CCc1cccs1)CC(=O)O,1
CC(=O)SCC(C)C(=O)N(CCc1cccs1)CC(=O)O,1
CC(CS)C(=O)N(CC(=O)O)C1CCS(=O)(=O)C1,1
CC(=O)SCC(C)C(=O)N(CC(=O)O)C1CCS(=O)(=O)C1,1
CCN1CCCC1CN(CC(=O)O)C(=O)C(C)CS,1
C=CCN(CC(=O)O)C(=O)C(C)CS,1
C=CCN(CC(=O)O)C(=O)C(C)CSC(C)=O,1
CC(CS)C(=O)N(CC(=O)O)c1ccccc1,1
CC(=O)SCC(C)C(=O)N(CC(=O)O)c1ccccc1,1
CC(=O)SCC(C)C(=O)N(CC(=O)O)c1ccccc1C,1
C=C(C(C)CS)N(CC([O])=O)c1cccc(C)c1,1
CC(=O)SCC(C)C(=O)N(CC(=O)O)c1cccc(C)c1,1
C=C(C(C)CS)N(CC([O])=O)c1ccc(C)cc1,1
CC(=O)SCC(C)C(=O)N(CC(=O)O)c1ccc(C)cc1,1
C=C(C(C)CS)N(CC([O])=O)c1cc(C)cc(C)c1,1
CC(=O)SCC(C)C(=O)N(CC(=O)O)c1cc(C)cc(C)c1,1
C=C(C(C)CS)N(CC([O])=O)c1ccc2c(c1)CCC2,1
CC(=O)SCC(C)C(=O)N(CC(=O)O)c1ccc2c(c1)CCC2,1
COc1cccc(N(CC(=O)O)C(=O)C(C)CSC(C)=O)c1,1
CSc1cccc(N(CC(=O)O)C(=O)C(C)CSC(C)=O)c1,1
CC(=O)SCC(C)C(=O)N(CC(=O)O)c1cccc(F)c1,1
C=C(C(C)CS)N(CC([O])=O)c1ccc(F)cc1,1
CC(=O)SCC(C)C(=O)N(CC(=O)O)c1ccc(F)cc1,1
C=C(C(C)CS)N(CC([O])=O)c1ccc(CCCC)cc1,1
CCCCc1ccc(N(CC(=O)O)C(=O)C(C)CSC(C)=O)cc1,1
CC.CC(=O)SCC(C)C(=O)N(CC(=O)O)c1ccc(C(C)C)cc1,1
CC(CSC(=O)CC(C)(C)C)C(=O)N(CC(=O)O)C1CCCC1,1
CC(CSC(=O)C(C)(C)C)C(=O)N(CC(=O)O)C1CCCC1,1
C[C@H](CSC(=O)C(C)(C)C)C(=O)N(CC(=O)O)C1CCCC1,1
CC(S)C(=O)NCC(=O)O,1
CCc1nc2c(C)cc(C)nc2n1Cc1ccc(-c2ccccc2-c2nn[nH]n2)cc1,1
CCCc1nc2c(C)cc(C)nc2n1Cc1ccc(-c2ccccc2-c2nn[nH]n2)cc1,1
CCCCCn1c(=O)c2cccnc2n1Cc1ccc(-c2ccccc2-c2nn[nH]n2)cc1,1
CC(C)Cn1c(=O)c2cccnc2n1Cc1ccc(-c2ccccc2-c2nn[nH]n2)cc1,1
CCCCn1c(=O)c2cccnc2n1Cc1ccc(-c2ccccc2-c2nn[nH]n2)cc1,1
CC(C)CCn1c(=O)c2cccnc2n1Cc1ccc(-c2ccccc2-c2nn[nH]n2)cc1,1
CCn1c(=O)c2ccc(C)nc2n1Cc1ccc(-c2ccccc2-c2nn[nH]n2)cc1,1
CCCn1c(=O)c2ccc(C)nc2n1Cc1ccc(-c2ccccc2-c2nn[nH]n2)cc1,1
CCCCn1c(=O)c2ccc(C)nc2n1Cc1ccc(-c2ccccc2-c2nn[nH]n2)cc1,1
CCCCn1c(=O)c2ccc(Cl)nc2n1Cc1ccc(-c2ccccc2-c2nn[nH]n2)cc1,1
CCCCn1c(=O)c2cc(F)c(Cl)nc2n1Cc1ccc(-c2ccccc2-c2nn[nH]n2)cc1,1
CCCCn1c(=O)c2cc(F)cnc2n1Cc1ccc(-c2ccccc2-c2nn[nH]n2)cc1,1
CCCCn1c(=O)c2ccc(OC)nc2n1Cc1ccc(-c2ccccc2-c2nn[nH]n2)cc1,1
CCCCn1c(=O)c2ccc(NC)nc2n1Cc1ccc(-c2ccccc2-c2nn[nH]n2)cc1,1
CCCCn1c(=O)c2ccc(C3CNCCS3)nc2n1Cc1ccc(-c2ccccc2-c2nn[nH]n2)cc1,1
CCCCn1c2ncccc2c(=O)n1Cc1ccc(-c2ccccc2-c2nn[nH]n2)cc1,1
CCCCn1c2nc(C)ccc2c(=O)n1Cc1ccc(-c2ccccc2-c2nn[nH]n2)cc1,1
CCCCn1c2nc(Cl)ccc2c(=O)n1Cc1ccc(-c2ccccc2-c2nn[nH]n2)cc1,1
CCCC1c2ncccc2C(=O)N1Cc1ccc(-c2ccccc2-c2nn[nH]n2)cc1,1
CCCCC1c2ncccc2C(=O)N1Cc1ccc(-c2ccccc2-c2nn[nH]n2)cc1,1
CCCn1nc(OCc2ccc(-c3ccccc3-c3nn[nH]n3)cc2)c2cccnc21,1
CCCCn1nc(OCc2ccc(-c3ccccc3-c3nn[nH]n3)cc2)c2cccnc21,1
CCCCn1nc(OCc2ccc(-c3ccccc3-c3nn[nH]n3)cc2)c2ccccc2c1=O,1
CCC(C)C(NC(=O)C(Cc1ccc(O)cc1)NC(=O)C(NC(=O)C(CCCNC(=N)N)NC(=O)C(N)CC(=O)O)C(C)C)C(=O)NC(Cc1c[nH]cn1)C(=O)N1CCCC1C(=O)NC(Cc1ccccc1)C(=O)O,1
CCCCC(=O)N(Cc1ccc(-c2ccccc2-c2nnn[nH]2)cc1)[C@@H](CC(C)C)C(=O)OC,1
CCCCC(=O)N(CC(=O)O)Cc1ccc(-c2ccccc2-c2nnn[nH]2)cc1,1
CCCCC(=O)N(Cc1ccc(-c2ccccc2-c2nnn[nH]2)cc1)C(Cc1ccc(F)cc1)C(=O)O,1
CCCCC(=O)N(Cc1ccc(-c2ccccc2-c2nnn[nH]2)cc1)[C@@H](C)C(=O)O,1
CCCCC(=O)N(Cc1ccc(-c2ccccc2-c2nnn[nH]2)cc1)C(Cc1ccccc1)C(=O)O,1
CCCCC(=O)N(Cc1ccc(-c2ccccc2-c2nnn[nH]2)cc1)C(CC(C)C)C(N)=O,1
CCCCC(=O)N(Cc1ccc(-c2ccccc2-c2nnn[nH]2)cc1)C(CO)CC(C)C,1
O=C(CO[N+](=O)[O-])NNC(=O)c1ccc(NCC(O)CN2C(=O)/C(=C\c3ccccc3)S/C2=N/c2ccccc2)cc1,1
O=C(CO[N+](=O)[O-])NNC(=O)c1ccc(NCC(O)CN2C(=O)/C(=C\c3ccc(O)cc3)S/C2=N/c2ccccc2)cc1,1
O=C(CO[N+](=O)[O-])NNC(=O)c1ccc(NCC(O)CN2C(=O)/C(=C/c3ccccc3O)S/C2=N/c2ccccc2)cc1,1
COc1cc(/C=C2/S/C(=N/c3ccccc3)N(CC(O)CNc3ccc(C(=O)NNC(=O)CO[N+](=O)[O-])cc3)C2=O)cc(OC)c1OC,1
CC1=C(C(=O)OC(C)C)C(c2cccc([N+](=O)[O-])c2)N(C(=O)N(C)C)C(=O)N1,1
CNC(=O)N1C(=O)NC(C)=C(C(=O)OC(C)C)C1c1cccc([N+](=O)[O-])c1,1
CC1=C(C(=O)OC(C)C)C(c2cccc([N+](=O)[O-])c2)N(C(N)=O)C(=O)N1,1
CC1=C(C(=O)OC(C)C)C(c2cccc([N+](=O)[O-])c2)NC(=O)N1,1
CCOC(=O)C1=C(C)NC(=O)N(C(N)=O)C1c1cccc([N+](=O)[O-])c1,1
COC(=O)C1=C(C)NC(=O)N(C(N)=O)C1c1cccc([N+](=O)[O-])c1,1
CCNC(=O)N1C(=O)NC(C)=C(C(=O)OC(C)C)C1c1cccc([N+](=O)[O-])c1,1
CC1=C(C(=O)OC(C)C)C(c2cccc([N+](=O)[O-])c2)N(C(=O)NC(C)C)C(=O)N1,1
CC1=C(C(=O)OC(C)C)C(c2cccc([N+](=O)[O-])c2)N(C(=O)NCc2ccccc2)C(=O)N1,1
CC1=C(C(=O)OC(C)C)C(c2cccc([N+](=O)[O-])c2)N(CCN(C)Cc2ccccc2)C(=O)N1,1
CC1=C(C(=O)OC(C)C)C(c2ccccc2[N+](=O)[O-])N(C(N)=O)C(=O)N1,1
CC1=C(C(=O)OC(C)C)C(c2cccc(C(F)(F)F)c2)N(C(N)=O)C(=O)N1,1
CC1=C(C(=O)OC(C)C)C(c2ccccc2C(F)(F)F)N(C(N)=O)C(=O)N1,1
CC1=C(C(=O)OC(C)C)C(c2cccc(Cl)c2)N(C(N)=O)C(=O)N1,1
CC1=C(C(=O)OC(C)C)C(c2ccccc2Cl)N(C(N)=O)C(=O)N1,1
CC1=C(C(=O)OC(C)C)C(c2cccc(Br)c2)N(C(N)=O)C(=O)N1,1
CC1=C(C(=O)OC(C)C)C(c2ccccc2Br)N(C(N)=O)C(=O)N1,1
CC1=C(C(=O)OC(C)C)C(c2c(Cl)cccc2Cl)N(C(N)=O)C(=O)N1,1
CC1=C(C(=O)OC(C)C)C(c2cccc(Cl)c2Cl)N(C(N)=O)C(=O)N1,1
CC1=C(C(=O)OC(C)C)C(c2cccc(-c3conn3)c2-c2conn2)N(C(N)=O)C(=O)N1,1
CC1=C(C(=O)OC(C)C)[C@@H](c2cccc([N+](=O)[O-])c2)N(C(N)=O)C(=O)N1,1
CC1=C(C(=O)OC(C)C)[C@H](c2cccc([N+](=O)[O-])c2)N(C(N)=O)C(=O)N1,1
COC(=O)C1=C(C)NC(C)=C(C(=O)OC)C1c1ccccc1[N+](=O)[O-],1
CCOC(=O)C1=C(COCCN)NC(C)=C(C(=O)OC)C1c1ccccc1Cl,1
COc1ccc(OC)c2c1C[C@H](NCCc1ccccc1)[C@@H](O)C2,1
COc1ccc(OC)c2c1C[C@H](NCCCc1ccccc1)[C@@H](O)C2.Cl,1
COc1ccc(OC)c2c1C[C@H](NCCCCc1ccccc1)[C@@H](O)C2.Cl,1
COc1ccc(OC)c2c1C[C@H](NCCCc1c[nH]c3ccccc13)[C@@H](O)C2.Cl,1
COc1ccc(OC)c2c1C[C@H](NCCCc1nc3ccccc3s1)[C@@H](O)C2.Cl,1
COc1ccc(OC)c2c1C[C@H](NCC(c1ccccc1)c1ccccc1)[C@@H](O)C2.Cl,1
COc1ccc(OC)c2c1C[C@H](NCCC(c1ccccc1)c1ccccc1)[C@@H](O)C2.Cl,1
C=C/C(=C\C)C(CCCN[C@H]1Cc2c(OC)ccc(OC)c2C[C@@H]1O)c1ccccc1.Cl,1
COc1ccc(OC)c2c1C[C@H](NCCCCC(c1ccccc1)c1ccccc1)[C@@H](O)C2.Cl,1
COc1ccc(OC)c2c1C[C@H](NCCC(C1CCCCC1)C1CCCCC1)[C@@H](O)C2.Cl,1
COc1ccc(CCN(C)CCCC(C#N)(c2ccc(OC)c(OC)c2)C(C)C)cc1OC,1
CCCc1nc2c(C)cc(C(=O)NCc3ccccc3)cc2n1Cc1ccc(-c2ccccc2C(=O)O)cc1,1
CCCc1nc2c(C)cc(C(=O)NCc3ccccc3OC)cc2n1Cc1ccc(-c2ccccc2C(=O)O)cc1,1
CCCc1nc2c(C)cc(C(=O)NCc3cccc(OC)c3)cc2n1Cc1ccc(-c2ccccc2C(=O)O)cc1,1
CCCc1nc2c(C)cc(C(=O)NCc3ccc(OC)cc3)cc2n1Cc1ccc(-c2ccccc2C(=O)O)cc1,1
CCCc1nc2c(C)cc(C(=O)NCc3ccc(OC)c(OC)c3)cc2n1Cc1ccc(-c2ccccc2C(=O)O)cc1,1
CCCc1nc2c(C)cc(C(=O)NCCc3cccc(OC)c3)cc2n1Cc1ccc(-c2ccccc2C(=O)O)cc1,1
CCCc1nc2c(C)cc(C(=O)NCCc3ccc(OC)cc3)cc2n1Cc1ccc(-c2ccccc2C(=O)O)cc1,1
CCCc1nc2c(C)cc(C(=O)NCCc3ccc(OC)c(OC)c3)cc2n1Cc1ccc(-c2ccccc2C(=O)O)cc1,1
CCCc1nc2c(C)cc(C(=O)NCCc3cc(OC)ccc3OC)cc2n1Cc1ccc(-c2ccccc2C(=O)O)cc1,1
CCCc1nc2c(C)cc(C(=O)NCCc3ccccc3F)cc2n1Cc1ccc(-c2ccccc2C(=O)O)cc1,1
CCCc1nc2c(C)cc(C(=O)NCCc3ccc(F)cc3)cc2n1Cc1ccc(-c2ccccc2C(=O)O)cc1,1
CCCc1nc2c(C)cc(-c3nc4ccccc4n3C)cc2n1Cc1ccc(-c2ccccc2C(=O)O)cc1,1
CCc1nc2c(C)cc(C)nc2n1[C@H]1CCc2cc(-c3ccccc3-c3nnn[nH]3)ccc21,1
CCc1nc2c(C)cc(C)nc2n1[C@@H]1CCc2cc(-c3ccccc3-c3nnn[nH]3)ccc21,1
CCCc1nc2c(C)cc(C)nc2n1[C@H]1CCc2cc(-c3ccccc3-c3nnn[nH]3)ccc21,1
CCCCc1nc2c(C)cc(C)nc2n1[C@@H]1CCc2cc(-c3ccccc3-c3nnn[nH]3)ccc21,1
Cc1cc(C)c2nc(C(C)C)n([C@@H]3CCc4cc(-c5ccccc5-c5nnn[nH]5)ccc43)c2n1,1
Cc1cc(C)c2nc(C3CC3)n(C3CCc4cc(-c5ccccc5-c5nnn[nH]5)ccc43)c2n1,1
CCc1nc2c(C)c(C)c(C)nc2n1C1CCc2cc(-c3ccccc3-c3nnn[nH]3)ccc21,1
CCc1c(C)nc2c(nc(CC)n2C2CCc3cc(-c4ccccc4-c4nnn[nH]4)ccc32)c1C,1
CCc1cc(C)c2nc(CC)n(C3CCc4cc(-c5ccccc5-c5nnn[nH]5)ccc43)c2n1,1
CCc1cc(C)c2nc(C(C)C)n(C3CCc4cc(-c5ccccc5-c5nnn[nH]5)ccc43)c2n1,1
CCc1nc2c(C)cc(CC(C)C)nc2n1C1CCc2cc(-c3ccccc3-c3nnn[nH]3)ccc21,1
Cc1cc(CC(C)C)nc2c1nc(C(C)C)n2C1CCc2cc(-c3ccccc3-c3nnn[nH]3)ccc21,1
CCc1nc2c(CC(C)C)cc(C)nc2n1C1CCc2cc(-c3ccccc3-c3nnn[nH]3)ccc21,1
CCc1nc2c(C)cc(Cc3ccccc3)nc2n1C1CCc2cc(-c3ccccc3-c3nnn[nH]3)ccc21,1
CCc1nc2c(C)cc(CC(C)C)nc2n1[C@@H]1CCc2cc(-c3ccccc3C(=O)O)ccc21,1
CCCNC(=O)c1cc(C)c2nc(CCC)n(Cc3ccc(-c4ccccc4C(=O)O)cc3)c2c1,1
CCCCNC(=O)c1cc(C)c2nc(CCC)n(Cc3ccc(-c4ccccc4C(=O)O)cc3)c2c1,1
CCCc1nc2c(C)cc(C(=O)NN3CCOCC3)cc2n1Cc1ccc(-c2ccccc2C(=O)O)cc1,1
CCCc1nc2c(C)cc(C(=O)N3CCCCC3)cc2n1Cc1ccc(-c2ccccc2C(=O)O)cc1,1
CCCc1nc2c(C)cc(C(=O)Nc3ccc(C)cc3)cc2n1Cc1ccc(-c2ccccc2C(=O)O)cc1,1
CCCc1nc2c(C)cc(C(=O)NCCc3ccccc3)cc2n1Cc1ccc(-c2ccccc2C(=O)O)cc1,1
CCCc1nc2c(C)cc(C(=O)NCCN3CCOCC3)cc2n1Cc1ccc(-c2ccccc2C(=O)O)cc1,1
CCCc1nc2c(C)cc(C(=O)NCCCc3ccccc3)cc2n1Cc1ccc(-c2ccccc2C(=O)O)cc1,1
CCCc1nc2c(C)cc(C(=O)NCCCN3CCOCC3)cc2n1Cc1ccc(-c2ccccc2C(=O)O)cc1,1
CCCc1nc2c(C)cc(NC(C)=O)cc2n1Cc1ccc(-c2ccccc2C(=O)O)cc1,1
CCCc1nc2c(C)cc(NC(=O)CC)cc2n1Cc1ccc(-c2ccccc2C(=O)O)cc1,1
CCCC(=O)Nc1cc(C)c2nc(CCC)n(Cc3ccc(-c4ccccc4C(=O)O)cc3)c2c1,1
CCCc1nc2c(C)cc(NC(=O)c3ccccc3)cc2n1Cc1ccc(-c2ccccc2C(=O)O)cc1,1
CCCc1nc2c(C)cc(NC(=O)c3ccc(C)cc3)cc2n1Cc1ccc(-c2ccccc2C(=O)O)cc1,1
CCCc1nc2c(C)cc(NC(=O)CCc3ccccc3)cc2n1Cc1ccc(-c2ccccc2C(=O)O)cc1,1
CCCc1nc2c(C)cc(NC(=O)OC)cc2n1Cc1ccc(-c2ccccc2C(=O)O)cc1,1
CC(C)c1cccc(C(C)C)c1O,1
Cc1ccc(NC(=O)c2ccc(CN3CCN(C)CC3)cc2)cc1Nc1nccc(-c2cccnc2)n1,1
FC(F)(F)c1ccc2[nH]c(-c3ccccc3)nc2c1,0
COc1ccccc1-c1nc2cc(C(F)(F)F)ccc2[nH]1,0
CCOc1ccccc1-c1nc2cc(C(F)(F)F)ccc2[nH]1,0
Oc1ccc(-c2nc3cc(C(F)(F)F)ccc3[nH]2)cc1,0
CCCOc1ccc(-c2nc3cc(C(F)(F)F)ccc3[nH]2)cc1,0
CN(C)c1ccc(-c2nc3cc(C(F)(F)F)ccc3[nH]2)cc1,0
NNc1ccc(-c2ccccc2)nn1,0
NNc1ccc(-c2ccc(Cl)cc2)nn1,0
COc1ccccc1-c1ccc(NN)nn1,0
COc1ccc(-c2ccc(NN)nn2)cc1,0
c1ccc(-c2ccc(-n3ccnc3)nn2)cc1,0
Clc1ccc(-c2ccc(-n3ccnc3)nn2)cc1,0
COc1ccccc1-c1ccc(-n2ccnc2)nn1,0
COc1ccc(-c2ccc(-n3ccnc3)nn2)cc1,0
c1cnnc(-c2ccccc2N2CCCC2)c1,0
Clc1ccc(-c2ccc(N3CCCC3)nn2)cc1,0
COc1ccccc1-c1ccc(N2CCCC2)nn1,0
Cc1cc(C)n(-c2ccc(-c3ccccc3)nn2)n1,0
Cc1cc(C)n(-c2ccc(-c3ccc(Cl)cc3)nn2)n1,0
COc1ccccc1-c1ccc(-n2nc(C)cc2C)nn1,0
COc1ccc(-c2ccc(-n3nc(C)cc3C)nn2)cc1,0
N#Cc1cnn(-c2ccc(-c3ccccc3)nn2)c1N,0
N#Cc1cnn(-c2ccc(-c3ccc(Cl)cc3)nn2)c1N,0
COc1ccccc1-c1ccc(-n2ncc(C#N)c2N)nn1,0
COc1ccc(-c2ccc(-n3ncc(C#N)c3N)nn2)cc1,0
CCOC(=O)c1cnn(-c2ccc(-c3ccccc3)nn2)c1N,0
CCOC(=O)c1cnn(-c2ccc(-c3ccc(Cl)cc3)nn2)c1N,0
CCOC(=O)c1cnn(-c2ccc(-c3ccccc3OC)nn2)c1N,0
CCOC(=O)c1cnn(-c2ccc(-c3ccc(OC)cc3)nn2)c1N,0
O=C(NNc1ccc(-c2ccc(Cl)cc2)nn1)NC1CCCCC1,0
COc1ccccc1-c1ccc(NNC(=O)NC2CCCCC2)nn1,0
O=C(NNc1ccc(-c2ccc(Cl)cc2)nn1)Nc1ccccc1,0
FC(F)(F)c1ccc(/C=N/Nc2ccc(-c3ccc(Cl)cc3)nn2)cc1,0
COc1ccc(-c2ccc(N/N=C/c3ccc(C(F)(F)F)cc3)nn2)cc1,0
COc1ccc(/C=N/Nc2ccc(-c3ccc(Cl)cc3)nn2)cc1,0
COc1ccc(/C=N/Nc2ccc(-c3ccc(OC)cc3)nn2)cc1,0
COc1ccc(/C=N/Nc2ccc(-c3ccc(Cl)cc3)nn2)c(OC)c1,0
COc1ccc(/C=N/Nc2ccc(-c3ccccc3OC)nn2)c(OC)c1,0
COc1cc(/C=N/Nc2ccc(-c3ccc(Cl)cc3)nn2)cc(OC)c1OC,0
COc1ccccc1-c1ccc(N/N=C/c2cc(OC)c(OC)c(OC)c2)nn1,0
C[C@@H](CSC(=O)C(C)(C)C)C(=O)N(CC(=O)O)C1CCCC1,0
O=c1c2ccc(F)cc2ncn1Cc1ccc(F)cc1,0
O=c1c2cc(Br)ccc2ncn1Cc1ccc(F)cc1,0
O=c1c2ccc(Cl)cc2ncn1Cc1ccc(F)cc1,0
COc1ccc(Cn2cnc3cc(Cl)ccc3c2=O)cc1,0
COc1ccc(Cn2cnc3cc(F)ccc3c2=O)cc1,0
COc1cc2ncn(Cc3ccc([N+](=O)[O-])cc3)c(=O)c2cc1OC,0
COc1cc2ncn(Cc3ccc(C#N)cc3)c(=O)c2cc1OC,0
COc1ccc(-n2cnc3cc(OC)c(OC)cc3c2=O)cc1,0
COc1cc2ncn(Cc3ccc(OCc4ccc(F)cc4)cc3)c(=O)c2cc1OC,0
