smiles,activity,y_pred
C=CCSS/C=C/C[S+]([O-])CC=C,1,0.796660631330769
C=CCSC[C@H](N)C(=O)O,1,0.6406669289936625
C=CCSSCC=C,1,0.8574026563169782
COS([O-])=S,1,0.8606234579497504
C=CCSSSCC=C,1,0.8584837562925274
C=CC(C)(O)CCC=C(C)C,1,0.8341602205222985
CC(=O)OC/C=C(\C)CCC=C(C)C,1,0.8817904067858373
CC1=CCC(C(C)C)=CC1,1,0.8882976355418166
COc1ccc2ccc(=O)oc2c1CC=C(C)C,1,0.8408991427834676
O=C1O[C@H]2[C@@H]3OC(=O)c4cc(O)c(O)c(O)c4-c4c(cc(O)c(O)c4O)C(=O)OC[C@H]2O[C@@H](OC(=O)c2cc(O)c(O)c(O)c2)[C@@H]3OC(=O)c2cc(O)c(O)c3c2[C@@H]2C1=CC(=O)[C@](O)(O3)C2(O)O,1,0.971326710520353
CN1CCc2cc3c(c4c2[C@H]1Cc1ccccc1-4)OCO3,1,0.7804225384754169
COc1cc2c3cc1Oc1c(OC)c(OC)cc4c1[C@@H](Cc1ccc(O)c(c1)Oc1ccc(cc1)C[C@@H]3N(C)CC2)N(C)CC4,1,0.9535443957763547
COc1cc2c3cc1Oc1c(OC)c(OC)cc4c1[C@H](Cc1ccc(cc1)Oc1cc(ccc1O)C[C@H]3N(C)CC2)N(C)CC4,1,0.9476874283480359
COc1ccc2cc1Oc1ccc(cc1)C[C@H]1c3cc(c(OC)cc3CCN1C)Oc1c(OC)c(OC)cc3c1[C@H](C2)N(C)CC3,1,0.9594130913897827
COc1ccc2cc1Oc1ccc(cc1)C[C@H]1c3cc(c(OC)cc3CCN1C)Oc1c(O)c(OC)cc3c1[C@H](C2)N(C)CC3,1,0.9524804249988654
COc1cc2c(cc1O)[C@@H](Cc1ccc(OC)c(Oc3ccc(C[C@H]4c5cc(O)c(OC)cc5CCN4C)cc3)c1)N(C)CC2,1,0.9106923795564601
C=C1C(OC(=O)CC(c2ccccc2)N(C)C)CCC2(C)C(O)C(OC(C)=O)C3=C(C)C(=O)CC(O)(C(O)C12)C3(C)C,1,0.7551277554999131
COc1c(O)c(CC=C(C)C)c2c(c1O)C(=O)[C@H](O)[C@@H](c1ccccc1O)O2,1,0.9497113928256515
Oc1cc(O)cc(/C=C/c2ccc(O)c(O)c2)c1,1,0.9347802964212631
Oc1ccc(/C=C/c2cc(O)cc(O)c2)cc1,1,0.8992839755345734
COc1ccc(/C=C/c2cc(O)cc(O)c2)cc1,1,0.8712613644522543
Oc1ccc(/C=C/c2cc(O)cc3c2[C@@H](c2cc(O)cc(O)c2)[C@H](c2ccc(O)cc2)O3)cc1,1,0.895785987546792
O=C(/C=C/c1ccc(O)c2c1[C@H](C(=O)O[C@H](Cc1ccc(O)c(O)c1)C(=O)O)[C@@H](c1ccc(O)c(O)c1)O2)O[C@H](Cc1ccc(O)c(O)c1)C(=O)O,1,0.9683013543373347
C/C=C/c1ccc(O)c(OC)c1O,1,0.9249239701588328
C[C@@]12C[C@@]3(O)O[C@@H](O1)[C@]1(COC(=O)c4ccccc4)[C@H]3C[C@@]12O[C@@H]1O[C@H](CO)[C@@H](O)[C@H](O)[C@H]1O,1,0.8892017343174283
COC1C[C@@]2(C)CC(=O)[C@@H]3C[C@]2(O[C@@H]2O[C@H](CO)[C@@H](O)[C@H](O)[C@H]2O)[C@@]13COC(=O)c1ccccc1,1,0.8628413208705104
CO[C@]12C[C@]3(C)O[C@H](O1)[C@]1(COC(=O)c4ccccc4)[C@@H]2C[C@]13O[C@@H]1O[C@H](CO)[C@@H](O)[C@H](O)[C@H]1O,1,0.9123527505516975
O=C(OC[C@H]1O[C@@H](OC(=O)c2cc(O)c(O)c(O)c2)[C@H](OC(=O)c2cc(O)c(O)c(O)c2)[C@@H](OC(=O)c2cc(O)c(O)c(O)c2)[C@@H]1OC(=O)c1cc(O)c(O)c(O)c1)c1cc(O)c(O)c(O)c1,1,0.9780472303079077
O=C(O[C@H]1O[C@@H](CO)[C@H](OC(=O)c2cc(O)c(O)c(O)c2)[C@@H](OC(=O)c2cc(O)c(O)c(O)c2)[C@@H]1OC(=O)c1cc(O)c(O)c(O)c1)c1cc(O)c(O)c(O)c1,1,0.9794444384647059
O=C1OC[C@@H](O)[C@H]([C@@H]2OC(=O)c3cc(O)c(O)c(O)c3-c3c(O)c(O)c(O)c4c3C(=O)O[C@H]2[C@H]4O)OC(=O)c2cc(O)c(O)c(O)c2-c2c1cc(O)c(O)c2O,1,0.9800290668585092
COc1cc2c(c(O)c1OC)C(=O)C[C@@H](c1cc(O)ccc1O)O2,1,0.9395787242603062
C=C(C)[C@@H]1C[C@H](O)[C@]2(C(=O)O[C@@H]3O[C@H](CO[C@@H]4O[C@H](CO)[C@@H](O[C@@H]5O[C@@H](C)[C@H](O)[C@@H](O)[C@H]5O)[C@H](O)[C@H]4O)[C@@H](O)[C@H](O)[C@H]3O)CC[C@]3(C)[C@H](C[C@H]4OC(=O)C[C@@H](O)[C@]5(C)[C@@H]4[C@@]3(C)CC[C@H]5C(=C)C)[C@@H]12,1,0.9485952259336943
C=C(C)[C@@H]1C[C@H](O)[C@]2(C(=O)O)CC[C@]3(C)[C@H](C[C@H]4OC(=O)C[C@@H](O)[C@]5(C)[C@@H]4[C@@]3(C)CC[C@H]5C(=C)C)[C@@H]12,1,0.9021586807510542
C=C(C)[C@@H]1CC[C@]2(C(=O)O[C@@H]3O[C@H](CO[C@@H]4O[C@H](CO)[C@@H](O[C@@H]5O[C@@H](C)[C@H](O)[C@@H](O)[C@H]5O)[C@H](O)[C@H]4O)[C@@H](O)[C@H](O)[C@H]3O)CC[C@]3(C)[C@H](C[C@H]4OC(=O)C[C@@H](O)[C@]5(C)[C@@H]4[C@@]3(C)CC[C@H]5C(=C)C)[C@@H]12,1,0.9537888087498918
C=C(C)[C@@H]1CC[C@]2(C(=O)O)CC[C@]3(C)C(C[C@H]4OC(=O)C[C@@H](O)[C@]5(C)C4[C@@]3(C)CC[C@H]5C(=C)C)C12,1,0.906568592692337
CC1(C)CC[C@]2(C(=O)O)CC[C@]3(C)C(=CC[C@@H]4[C@@]5(C)CC[C@H](O[C@@H]6O[C@H](C(=O)O)[C@@H](O)[C@H](O)[C@H]6O)C(C)(C)[C@@H]5CC[C@]43C)[C@@H]2C1,1,0.9509151849434208
O=C1C=CC[C@H](C[C@@H](O)CCc2ccc(O)cc2)O1,1,0.8294912167962255
C=CCSS(=O)OC,1,0.827090656651976
O=C(O)c1ccc(O)c(O)c1,1,0.9608064255318196
COc1cc(C(=O)O)ccc1O,1,0.9420311421054045
O=C(O)c1ccc(O)cc1,1,0.9133697843275685
COc1cc(/C=C/C(=O)O)ccc1O,1,0.9532547482199013
COc1cc(/C=C/C(=O)O)cc(OC)c1O,1,0.9624262897142402
O=C(O)[C@H]1O[C@@H](Oc2c(-c3ccc(O)cc3)oc3cc(O)cc(O)c3c2=O)[C@H](O)[C@@H](O)[C@@H]1O,1,0.8895908297755748
CC1=CC(=O)CC(C)(C)[C@@]1(O)/C=C/[C@@H](C)O[C@@H]1O[C@H](CO)[C@@H](O)[C@H](O)[C@H]1O,1,0.858821660132572
COc1cc(C2c3cc(O)c(OC)cc3CC(COC3OC(CO)C(O)C(O)C3O)C2CO)ccc1O,1,0.9330811825800569
COc1cc([C@H]2Oc3c(O)cc(CCCO)cc3[C@@H]2CO)ccc1O[C@@H]1O[C@@H](C)[C@H](O)[C@@H](O)[C@H]1O,1,0.882322134070984
COc1cc([C@@H]2Oc3c(OC)cc(CCCO)cc3[C@H]2CO)ccc1O[C@@H]1O[C@@H](C)[C@H](O)[C@@H](O)[C@H]1O,1,0.90310622333591
C[C@@H]1O[C@@H](OC[C@H]2O[C@@H](Oc3c(-c4ccc(O)cc4)oc4cc(O)cc(O)c4c3=O)[C@H](O)[C@@H](O)[C@@H]2O)[C@H](O)[C@H](O)[C@H]1O,1,0.8622944152150103
CC(C)=CCOc1c2occc2cc2ccc(=O)oc12,1,0.8341088642768815
CC(C)=CC(=O)O[C@H]1Cc2cc3ccc(=O)oc3cc2OC1(C)C,1,0.8049006028910896
CC(C)(O[C@@H]1O[C@H](CO)[C@@H](O)[C@H](O)[C@H]1O)[C@H]1Cc2cc3ccc(=O)oc3cc2O1,1,0.8293469430239824
CCCCC1OC(=O)c2ccccc21,1,0.6840400867617866
C[C@@]12C[C@@H](c3ccoc3)OC(=O)[C@@H]1CC[C@]1(C)[C@H]2[C@H]2C=C[C@]1(O)C(=O)O2,1,0.8730924921865977
Cc1cc(O)c2c(c1)C(=O)c1cccc(O)c1C2=O,1,0.8203138675404864
COc1c(O)cc2c(c1O)C(=O)c1c(cc(C)c(O)c1OC)C2=O,1,0.9527465573922598
Cc1cc2c(c(O)c1O)C(=O)c1c(O)cc(O)cc1C2=O,1,0.9286342138225859
COc1cc2c(c(OC)c1OC)C(=O)c1c(cc(C)c(O)c1OC)C2=O,1,0.9499432226748585
CC[C@H](CC[C@@H](C)[C@H]1CC[C@H]2[C@@H]3CC=C4C[C@@H](O)CC[C@]4(C)[C@H]3CC[C@]12C)C(C)C,1,0.8621669355441675
CC#CC#CC#Cc1ccccc1,1,0.7950180726311458
CCCCC/C=C\C/C=C\CCCCCCCC(=O)O,1,0.8105463835978068
COc1cc2c(O[C@@H]3OC[C@@H](OC)[C@H](OC)[C@H]3O)c3c(c(-c4ccc5c(c4)OCO5)c2cc1OC)C(=O)OC3,1,0.9349439731517567
COc1cc2c(O[C@@H]3O[C@H](CO)[C@@H](O)[C@H](O)[C@H]3O)c3c(c(-c4ccc5c(c4)OCO5)c2cc1OC)C(=O)OC3,1,0.9441279209584021
O=c1c(O[C@@H]2O[C@H](CO)[C@H](O)[C@H](O)[C@H]2O)c(-c2ccc(O)c(O)c2)oc2cc(O)cc(O)c12,1,0.8965521637517191
CC1OC(OC2C(OC(=O)C34CCC(C)(C)CC3C3=CCC5C6(C)CCC(OC7OC(C(=O)O)C(O)C(O)C7O)C(C)(C)C6CCC5(C)C3(C)CC4O)OCC(O)C2O)C(O)C(O)C1OC1OCC(O)C(OC2OCC(O)C(O)C2O)C1O,1,0.954869583652834
C[C@H](NC(=O)CN)C(=O)N[C@@H](C)C(=O)NCC(=O)NCC(=O)N[C@@H](C)C(=O)N[C@@H](Cc1ccccc1)C(=O)O,1,0.34771736560281075
OC[C@H]1OC(O)[C@@H](O)[C@@H](O)[C@@H]1O,1,0.8710372967665747
OC[C@H]1OC(O)[C@H](O)[C@@H](O)[C@@H]1O,1,0.8709511470598499
OC[C@H]1OC(O)[C@H](O)[C@@H](O)[C@H]1O,1,0.8709663178869392
CC12CCC(CC1=O)C2(C)C,1,0.8142488986406751
C=C1C2CCC(C2)C1(C)C,1,0.8734264385767379
C=C(C)C1CC=C(C)C(=O)C1,1,0.8811158305115698
CC12CCC(CC1)C(C)(C)O2,1,0.875424847382827
Cc1ccc(C(C)C)cc1,1,0.7833451913036831
COc1c2ccoc2cc2cc(C)oc(=O)c12,1,0.8429854852629222
C=C(C)C1CC=C(C)CC1,1,0.8866677855661688
C=CC(=C)CCC=C(C)C,1,0.9067886497521447
CCCCCCCCCCCCCC(=O)O,1,0.8044383563650278
CCCCCCCC/C=C\CCCCCCCC(=O)O,1,0.7966018716730978
CCCCCCCCCCCCCCCC(=O)O,1,0.7968678971236294
CC1=CCC(C(C)C)C=C1,1,0.8626329902796609
C=C1C=CC(C(C)C)CC1,1,0.8579928478939409
CC1=CC=C(C(C)C)CC1,1,0.8809644804401293
CC(/C=C/C=C(\C)C(=O)O[C@@H]1O[C@H](CO[C@@H]2O[C@H](CO)[C@@H](O)[C@H](O)[C@H]2O)[C@@H](O)[C@H](O)[C@H]1O)=C\C=C\C=C(C)\C=C\C=C(/C)C(=O)O[C@@H]1O[C@H](CO[C@@H]2O[C@H](CO)[C@@H](O)[C@H](O)[C@H]2O)[C@@H](O)[C@H](O)[C@H]1O,1,0.9576141188701809
CC(/C=C/C=C(\C)C(=O)O)=C\C=C\C=C(C)\C=C\C=C(/C)C(=O)O,1,0.9472745220860729
CC1=C(C=O)C(C)(C)CC=C1,1,0.8747677293065658
COc1ccc(-c2cc(=O)c3c(O)cc(O[C@@H]4O[C@H](CO[C@@H]5O[C@@H](C)[C@H](O)[C@@H](O)[C@H]5O)[C@@H](O)[C@H](O)[C@H]4O)cc3o2)cc1,1,0.8722774390314265
COc1c(O)cc(O)c2c(=O)cc(-c3ccccc3)oc12,1,0.8941112671953633
CC1(C)CC[C@]2(C)CC[C@]3(C)C(=CC[C@@H]4[C@@]5(C)CC[C@H](O)C(C)(C)[C@@H]5CC[C@]43C)[C@@H]2C1,1,0.8605044084911465
C=C(C)[C@@H]1CC[C@]2(C)CC[C@]3(C)[C@H](CC[C@@H]4[C@@]5(C)CC[C@H](O)C(C)(C)[C@@H]5CC[C@]43C)[C@@H]12,1,0.8738197221662157
CC1(C)CCC2(C)CCC3(C)C(=CCC4C5(C)CCC(OC(=O)/C=C/c6ccccc6)C(C)(C)C5CCC43C)C2C1,1,0.8101252220813914
COc1c2ccoc2cc2oc(=O)ccc12,1,0.8304704330710898
CC(C)=CCC/C=C(\C)CCC=C(C)C,1,0.8862547498355722
C=C[C@]1(C)CC[C@@H](C(=C)C)C[C@H]1C(=C)C,1,0.8967942444376206
CC[C@H](/C=C/[C@@H](C)[C@H]1CC[C@H]2[C@@H]3CC=C4C[C@@H](O)CC[C@]4(C)[C@H]3CC[C@]12C)C(C)C,1,0.8743487696168564
C=C(C)[C@@H]1CC[C@]2(C)CC[C@]3(C)[C@H](CC[C@@H]4[C@@]5(C)CCC(=O)C(C)(C)[C@@H]5CC[C@]43C)[C@@H]12,1,0.877985874761429
C[C@H]1[C@H](C)CC[C@]2(C)CC[C@]3(C)C(=CC[C@@H]4[C@@]5(C)CCC(=O)C(C)(C)[C@@H]5CC[C@]43C)[C@H]12,1,0.8992342129351775
Oc1ccc([C@H]2COc3cc(O)ccc3C2)cc1,1,0.8667281949798444
O=C1C[C@@H](c2ccc(O)cc2)Oc2cc(O)cc(O)c21,1,0.9068975271273497
O=C1C[C@@H](c2ccccc2)Oc2cc(O)cc(O)c21,1,0.8046016527632762
O=c1c(O)c(-c2ccc(O)c(O)c2)oc2cc(O)cc(O)c12,1,0.9198837605825894
CC(C)=CCc1cc(C(=O)CCc2ccccc2)c(O)c(CC=C(C)C)c1O,1,0.8141593462339873
CC(C)=CCc1c(O)ccc(C(=O)/C=C/c2ccccc2)c1O,1,0.8170976614909704
Cc1c(C)c2c(c(C)c1O)CC[C@@](C)(CCC[C@H](C)CCC[C@H](C)CCCC(C)C)O2,1,0.7965646136233613
CC(C)=CCC/C(C)=C/C=C/C(C)=C/C=C/C(C)=C/C=C/C=C(C)/C=C/C=C(C)/C=C/C=C(\C)CCC=C(C)C,1,0.9432142567205213
CC1=C(/C=C/C(C)=C/C=C/C(C)=C/C=C/C=C(C)/C=C/C=C(C)/C=C/C2=C(C)CCCC2(C)C)C(C)(C)CCC1,1,0.8712284680530631
CC(C)=CCC/C(C)=C/CC/C(C)=C/CC/C(C)=C/C=C/C=C(\C)CC/C=C(\C)CC/C=C(\C)CCC=C(C)C,1,0.9283588340289886
CC(C)=CCC/C(C)=C/CC/C(C)=C/C=C/C(C)=C/C=C/C=C(\C)CC/C=C(\C)CC/C=C(\C)CCC=C(C)C,1,0.9344183197742747
O=c1cc(-c2ccc(O)cc2)oc2c(C3OC(CO)C(O)C(O)C3O)c(O)c(C3OC(CO)C(O)C(O)C3O)c(O)c12,1,0.9153148602233647
CC[C@@H]1CN2CCc3c([nH]c4cccc(OC)c34)[C@@H]2C[C@@H]1/C(=C\OC)C(=O)OC,1,0.8222527179149937
COC(=O)C1=CO[C@@H](C)[C@H]2CN3CC[C@]4(C(=O)Nc5ccccc54)[C@@H]3C[C@H]12,1,0.6871792937775216
COC(=S)NCc1ccc(O[C@@H]2O[C@@H](C)[C@H](OC(C)=O)[C@@H](O)[C@H]2O)cc1,1,0.6095572678600154
CCOC(=O)NCc1ccc(OC2OC(C)C(OC(C)=O)C(O)C2O)cc1,1,0.7049815433390838
CCOC(=S)C=NCc1ccc(O[C@@H]2O[C@@H](C)[C@H](OC(C)=O)[C@@H](O)[C@H]2O)cc1,1,0.6841853592891449
CC1OCc2c(ccc(O)c2O)C1=O,1,0.8728926292618753
CC(C)[C@@H]1CC[C@]2(C)CCCC(=O)[C@]2(C)C1,1,0.795578438773668
CC1CCC=C2CCC3C(C3(C)C)C21C,1,0.8563521936138648
C=C1CC[C@@H](C(C)C)C[C@@]12CCC[C@]2(C)O,1,0.7965572520748853
C[C@@H]1CCCC2=CC(=O)[C@@H]3[C@@H](C3(C)C)[C@]21C,1,0.8561348577040857
C=C(C)[C@@H]1CCC2=CCC[C@@H](C)[C@]2(C)C1,1,0.8822401074018696
C[C@H]1CC[C@@]2(O)C(C)(C)[C@@H]3CC[C@@]2(C)[C@H]1C3,1,0.8719948163126626
CC1=CCC2CC1C2(C)C,1,0.919017293105408
CC1=C2C3C(CCC2(C)CCC1)C3(C)C,1,0.8402879418793471
O=C(/C=C/c1ccc(O)c(O)c1)Oc1ccc2c(c1)C(=O)OCC2,1,0.90521973838171
CC(C)=CCC[C@](C)(O[C@@H]1O[C@H](CO)[C@@H](O)[C@H](O)[C@H]1O)[C@H]1CC[C@]2(C)[C@@H]1[C@H](O)C[C@@H]1[C@@]3(C)CC[C@H](O)C(C)(C)[C@@H]3[C@@H](O[C@@H]3O[C@H](CO)[C@@H](O)[C@H](O)[C@H]3O)C[C@]12C,1,0.9395162018741228
CC(C)=CCC[C@](C)(O[C@@H]1O[C@H](CO[C@@H]2O[C@H](CO)[C@@H](O)[C@H](O)[C@H]2O)[C@@H](O)[C@H](O)[C@H]1O)[C@H]1CC[C@]2(C)[C@@H]1[C@H](O)C[C@@H]1[C@@]3(C)CC[C@H](O[C@@H]4O[C@H](CO)[C@@H](O)[C@H](O)[C@H]4O[C@@H]4O[C@H](CO)[C@@H](O)[C@H](O)[C@H]4O)C(C)(C)[C@@H]3CC[C@]12C,1,0.9538282325093502
COc1cc(OC)c(OC)cc1CC1=c2c(OC)c(OC)cc(OC)c2=CC1,1,0.9683304426779854
COc1ccc([C@H]2CC[C@H]2c2ccc(OC)c(OC)c2OC)c(OC)c1OC,1,0.9711165762073646
NCCCC(=O)O,1,0.777290761280504
CC(C)=CCC/C(C)=C/CC/C(C)=C/CC/C=C(\C)CC/C=C(\C)CCC=C(C)C,1,0.898555310852093
CCCCCCCCCCCC(=O)O,1,0.8143496023726786
CCCCCCCCCC(=O)[O-],1,0.835037361627457
CCCCCCCCCCCCCCCCCC(=O)[O-],1,0.7882289072522448
C/C(=C\CO)CCC[C@H](C)CCC[C@H](C)CCCC(C)C,1,0.7721115265969429
O[C@@H]1CO[C@H]2[C@@H]1OC[C@@H]2O,1,0.7291451061766446
O=C(/C=C/C=C/c1ccc2c(c1)OCO2)N1CCCCC1,1,0.6196932655198636
N#C[C@H](O[C@@H]1O[C@H](CO[C@@H]2O[C@H](CO)[C@@H](O)[C@H](O)[C@H]2O)[C@@H](O)[C@H](O)[C@H]1O)c1ccccc1,1,0.7716947883067153
N#C[C@H](O[C@@H]1O[C@H](CO)[C@@H](O)[C@H](O)[C@H]1O)c1ccccc1,1,0.6735481286489573
O=c1c(O)c(-c2ccc(O)cc2)oc2cc(O)cc(O)c12,1,0.8611349941854967
O=C(O)/C=C/c1ccc(O)cc1,1,0.90422855058434
C[C@@H]1O[C@@H](Oc2c(-c3ccc(O)c(O)c3)oc3cc(O)cc(O)c3c2=O)[C@H](O)[C@H](O)[C@H]1O,1,0.8901831754504435
O=C(O)C1(O)C[C@@H](O)C(O)[C@H](O)C1,1,0.8787743072212479
O=C(/C=C/c1ccc(O)c2c1[C@H](C(=O)O[C@H](Cc1ccc(O)c(O)c1)C(=O)[O-])[C@@H](c1ccc(O)c(O)c1)O2)O[C@H](Cc1ccc(O)c(O)c1)C(=O)[O-].[Mg+2],1,0.9555928810237417
CC(=O)O[C@H]1C[C@]2(C)[C@@H]3C(=CC(=O)[C@@H]2C[C@H]1OC(C)=O)[C@]1(O)CC[C@H]([C@@](C)(O)[C@@H](CCC(C)C)OC(C)=O)[C@@]1(C)C[C@H]3OC(C)=O,1,0.8227951769342855
COc1cc2ccc(=O)oc2cc1O,1,0.9179961301506712
COc1cc([C@H]2Oc3c(OC)cc4ccc(=O)oc4c3O[C@@H]2CO)ccc1O,1,0.9589326816744871
COc1cc([C@H]2Oc3c(OC)cc4ccc(=O)oc4c3O[C@@H]2CO)cc(OC)c1O,1,0.966195049617991
COc1ccc(-c2oc3cc(OC)c(OC)c(O)c3c(=O)c2OC)cc1OC,1,0.9553591101576027
C=C(C)C(O)CC/C(C)=C/Cc1c(O)ccc(C(=O)/C=C/c2ccc(O)cc2)c1O,1,0.9103196759740846
COc1ccc(C(=O)/C=C/c2ccc(O)cc2)c(O)c1CC=C(C)C,1,0.9066031849890289
O=c1cc(-c2ccccc2)oc2cc(O)cc(O)c12,1,0.7550398405357428
COc1ccc([C@@H]2CC(=O)c3c(O)cc(O)cc3O2)cc1O,1,0.9356585429468314
C[C@@H]1O[C@@H](O[C@@H]2[C@@H](O)[C@H](OCCc3ccc(O)c(O)c3)O[C@H](CO[C@@H]3O[C@H](CO)[C@@H](O)[C@H](O)[C@H]3O)[C@H]2O)[C@H](O)[C@H](O)[C@H]1O,1,0.9486699001927332
C[C@@H]1O[C@@H](CO[C@@H]2[C@@H](O)[C@H](O)O[C@H](CO[C@@H]3O[C@H](CO)[C@@H](O)[C@H](O)[C@H]3O)[C@H]2OC(=O)/C=C/c2ccc(O)c(O)c2)[C@H](O)[C@H](O)[C@H]1O,1,0.9488654712218105
C[C@@H]1O[C@@H](O[C@@H]2[C@@H](O)[C@H](OCCc3ccc(O)c(O)c3)O[C@H](CO[C@@H]3O[C@H](CO)[C@@H](O)[C@H](O)[C@H]3O)[C@H]2OC(=O)/C=C/c2ccc(O)c(O)c2)[C@H](O)[C@H](O)[C@H]1O,1,0.9583427219164955
C[C@@H]1O[C@@H](O[C@@H]([C@H](OC(=O)/C=C/c2ccc(O)c(O)c2)[C@H](O)CO)[C@@H](O)C=O)[C@H](O)[C@H](O)[C@H]1O,1,0.9383295369951137
O=C(/C=C/c1ccc(O)c(O)c1)O[C@@H]1C[C@](O)(C(=O)O)C[C@@H](O)[C@H]1O,1,0.9103972421820512
C[C@@H]1O[C@@H](O[C@H]2C(=O)c3c(O)cc(O)cc3O[C@@H]2c2ccc(O)c(O)c2)[C@H](O)[C@H](O)[C@H]1O,1,0.9529017380233263
O=C(O[C@@H]1O[C@@H]2COC(=O)c3cc(O)c(O)c(O)c3-c3c(cc(O)c(O)c3O)C(=O)O[C@H]([C@H]1O)[C@@H]2O)c1cc(O)c(O)c(O)c1,1,0.974779559436507
COc1cc(O)c2c(=O)c3c(OC)c(O)ccc3oc2c1,1,0.9231610873453685
COc1cc(O)c2c(=O)c3c(O)c(O)ccc3oc2c1,1,0.922476177161887
O=C1OC[C@@H](O)[C@H]([C@@H]2OC(=O)c3cc(O)c(O)c(O)c3-c3c(O)c(O)c(O)c4c3C(=O)O[C@H]2[C@@H]4O)OC(=O)c2cc(O)c(O)c(O)c2-c2c1cc(O)c(O)c2O,1,0.9801426512345812
Oc1cc(O)c2c(c1)OC(c1ccc(O)c(O)c1)C(OC1(c3ccc(O)c(O)c3)Oc3cc(O)cc(O)c3C(O)C1O)C2,1,0.9456985049867475
Cc1nc(C)c(C)nc1C,1,0.7019373448733905
COc1cc(/C=C/C(=O)O[C@H]2[C@H](O[C@@H]3O[C@@H](C)[C@H](O)[C@@H](O)[C@H]3O)[C@@H](O)[C@H](OCCc3ccc(O)c(O)c3)O[C@@H]2CO)ccc1O,1,0.9609620350633816
COc1ccc(CCO[C@@H]2O[C@H](CO)[C@@H](OC(=O)/C=C/c3ccc(O)c(OC)c3)[C@H](O[C@@H]3O[C@@H](C)[C@H](O)[C@@H](O)[C@H]3O)[C@H]2O)cc1O,1,0.9596711786250114
COc1cc2c(cc1OC)-c1c3c(cc4c1[C@H](C2)N(C)CC4)OCO3,1,0.9313838742202741
COC(=O)C1CC(=O)c2oc(=O)c3cc(O)c(O)c(O)c3c21,1,0.9186393174769113
O=C(/C=C/c1ccc(O)c2c1[C@H](C(=O)O)[C@@H](c1ccc(O)c(O)c1)O2)O[C@H](Cc1ccc(O)c(O)c1)C(=O)O,1,0.9512515574401952
O=c1cc(-c2ccc(O)c(-c3c(O)cc(O)c4c(=O)cc(-c5ccc(O)cc5)oc34)c2)oc2cc(O)cc(O)c12,1,0.8414941818386203
CCCCC[C@H](O)CC(=O)CCc1ccc(O)c(OC)c1,1,0.8655040683104369
CCCCC/C=C/C(=O)CCc1ccc(O)c(OC)c1,1,0.9076705070462658
COc1cc(CCC(C)=O)ccc1O,1,0.9171002633657527
CCCCCCCC(=O)CCc1ccc(O)c(OC)c1,1,0.872012098883099
c1ccc2c(c1)C[C@H]1NCCc3cc4c(c-2c31)OCO4,1,0.7659185397467522
CN1CCc2cc3c(c4c2[C@H]1Cc1cccc(O)c1-4)OCO3,1,0.8563247877246882
COc1cc2c(cc1OC)-c1c3c(c(OC)c4c1[C@H](C2)N(C)CC4)OCO3,1,0.9464710366177125
COc1cc2c(cc1OC)C1Cc3ccc(OC)c(OC)c3CN1CC2,1,0.928961194814397
O=c1c2ccccc2nc2n1CCc1c-2[nH]c2ccccc12,1,0.4055541531983006
COc1cc2c(cc1O)CC1c3c(cc4c(c3-2)OCO4)CCN1C,1,0.9241866656901204
COc1cc2c3c(c1O)-c1cc4c(cc1C[C@@H]3N(C)CC2)OCO4,1,0.9138376618383055
COc1cc2c3c(c1OC)-c1cc4c(cc1C[C@@H]3N(C)CC2)OCO4,1,0.9220413789487563
COc1cc2c3c(c1OC)Oc1ccc(cc1)C[C@@H]1c4c(cc(OC)c(OC)c4Oc4ccc(cc4)C[C@H]3N(C)CC2)CCN1C,1,0.9389596379339111
CC[C@H]1CN2CCc3c([nH]c4ccccc34)[C@H]2C[C@@H]1/C(=C\OC)C(=O)OC,1,0.7713767561110882
CC[C@H]1CN2CC[C@]3(C(=O)Nc4ccccc43)[C@@H]2C[C@@H]1/C(=C\OC)C(=O)OC,1,0.7360270337077763
COc1cc(C(=O)OCCCCN=C(N)N)cc(OC)c1O,1,0.8180312882306584
COc1ccc([C@@H]2[C@@H](C(=O)NCCCCNC(N)=NCC=C(C)C)[C@@H](C(=O)NCCCCNC(N)=NCC=C(C)C)[C@@H]2c2ccc(OC)c(OC)c2)cc1OC,1,0.7353895578709799
CC(C)=CCC/C(C)=C/COc1ccc2ccc(=O)oc2c1,1,0.7839153030232826
C=C1CC[C@@H]2[C@](C)(CO)[C@H](O)CC[C@@]2(C)[C@@H]1/C=C/C1=CCOC1=O,1,0.8817549541293224
C=C[C@@]1(C)CC(=O)[C@]2(O)[C@@]3(C)[C@@H](O)CCC(C)(C)[C@@H]3[C@H](O)[C@H](OC(C)=O)[C@@]2(C)O1,1,0.8820087151839149
CC1=CC(=O)C[C@H]2[C@H]1CC[C@@H](C)[C@]21C[C@H](c2ccoc2)OC1=O,1,0.8392745839526499
C[C@@H]1C[C@@H](O)[C@H]2[C@@](C)(CO)CCC[C@]2(C)[C@@]1(O)CCc1ccoc1,1,0.7101425490014902
CC(C)=C1CC[C@]2(C)O[C@@H]2C1=O,1,0.8341828593138578
C=C1CCC2C(C)(C)CCCC2(C)C1CCC(C)CC(=O)O,1,0.8576910973479894
C=CCc1ccc(O)c(OC)c1,1,0.9130251415380223
C/C=C(/C)C(=O)O[C@@H]1CCC2=CC(=O)C(=C(C)C)C[C@]2(C)[C@H]1C,1,0.8874273511098199
CC1=CCC[C@@H]2[C@@](C)(CC/C(C)=C/C(=O)O)[C@H](C)CC[C@@]12C,1,0.8995792244278085
C=C1C[C@@]23CC[C@H]4[C@@](C)(CCC[C@@]4(C)C(=O)O[C@@H]4O[C@H](CO)[C@@H](O)[C@H](O)[C@H]4O)[C@@H]2CC[C@]1(O[C@@H]1O[C@H](CO)[C@@H](O)[C@H](O)[C@H]1O[C@@H]1O[C@H](CO)[C@@H](O)[C@H](O)[C@H]1O)C3,1,0.9376099379204614
C=C[C@]1(C)C=C2C(=O)C[C@H]3[C@@](C)(CCC[C@@]3(C)C(=O)O)[C@@H]2CC1,1,0.8765588318029596
CO[C@]1(C)CC23CCC4[C@@](C)(CCC[C@@]4(C)C(=O)O)C2C=CC1C3,1,0.8544621133450223
C[C@@H]1CC[C@@]2(OC1)O[C@H]1C[C@H]3[C@@H]4CC=C5C[C@@H](O)[C@H](O)C[C@]5(C)[C@H]4CC[C@]3(C)[C@H]1[C@@H]2C,1,0.9158260852438991
C[C@@H]1CC[C@@]2(OC1)O[C@H]1C[C@H]3[C@@H]4CC[C@@]5(O)C[C@@H](O)[C@H](O)C[C@]5(C)[C@H]4CC[C@]3(C)[C@H]1[C@@H]2C,1,0.8988494879658406
CCCCC(CC)COC(=O)c1ccccc1C(=O)[O-],1,0.809433025744542
O=C(O)c1ccccc1C(=O)O,1,0.882247178055966
C=CCSS(=O)CC=C,1,0.7931785839669938
O=C(O)c1cccnc1,1,0.6335328858110906
Cc1ncc(C[n+]2csc(CCO)c2C)c(N)n1,1,0.40190700339497104
Cc1cc2nc3c(=O)[nH]c(=O)nc-3n(C[C@H](O)[C@H](O)[C@H](O)CO)c2cc1C,1,0.5718768364613686
O=C1O[C@H]([C@@H](O)CO)C(O)=C1O,1,0.8776308373584932
OC[C@H]1O[C@@H](OCCc2ccc(O)cc2)[C@H](O)[C@@H](O)[C@@H]1O,1,0.8701524386357529
OC[C@H]1O[C@@H](OCc2ccccc2)[C@H](O)[C@@H](O)[C@@H]1O,1,0.7742308901307533
CCCCCCCCCCCCCCCCCCCCCC(=O)O,1,0.7785511913998282
O=C(O)C1=N[C@H](C(=O)O)CC(/C=C/N2c3cc(O)c(O)cc3C[C@H]2C(=O)O)=C1,1,0.8409753914074725
O=C(O)C1=N[C@@H](C(=O)O)CC(/C=C/N2c3cc(O)c(O[C@@H]4O[C@H](CO)[C@@H](O)[C@H](O)[C@H]4O)cc3C[C@H]2C(=O)O)=C1,1,0.8585796806225641
CC1=CC(=O)C(C(C)C)=CC1=O,1,0.8774961982798843
C/C=C1/[C@H](O[C@@H]2O[C@H](CO)[C@@H](O)[C@H](O)[C@H]2O)OC=C(C(=O)OC)[C@H]1CC(=O)OCCc1ccc(O)c(O)c1,1,0.9327035150997665
O=c1ccc2cc(O[C@@H]3O[C@H](CO)[C@@H](O)[C@H](O)[C@H]3O)c(O)cc2o1,1,0.8835805764533984
COc1cc2ccc(=O)oc2cc1O[C@@H]1O[C@H](CO)[C@@H](O)[C@H](O)[C@H]1O,1,0.8749213282619699
CC1(C)CC[C@]2(C(=O)O)CC[C@]3(C)C(=CC[C@@H]4[C@@]5(C)CC[C@H](O)C(C)(C)[C@@H]5CC[C@]43C)[C@@H]2C1,1,0.8916916111948636
O=C(/C=C/c1ccc(O)c(O)c1)O[C@H](Cc1ccc(O)c(O)c1)C(=O)O,1,0.9529909998073964
O=C(O)[C@H]1O[C@@H](Oc2cc3oc(-c4ccccc4)cc(=O)c3c(O)c2O)[C@H](O)[C@@H](O)[C@@H]1O,1,0.9019732421031105
O=C(/C=C/c1ccc(O)c(O)c1)O[C@@H]1CC(O)(C(=O)O)C[C@@H](OC(=O)/C=C/c2ccc(O)c(O)c2)C1O,1,0.942394050140321
O=C(/C=C/c1ccc(O)c(O)c1)O[C@H]1[C@H](O)C[C@](O)(C(=O)O)C[C@H]1OC(=O)/C=C/c1ccc(O)c(O)c1,1,0.9506740131418847
O=c1cc(-c2ccc(O)cc2)oc2c([C@@H]3O[C@H](CO)[C@@H](O)[C@H](O)[C@H]3O)c(O)c([C@@H]3O[C@H](CO)[C@@H](O)[C@H](O)[C@H]3O)c(O)c12,1,0.9272418708441041
COc1ccc2cc3[n+](cc2c1OC)CCc1cc2c(cc1-3)OCO2,1,0.9154890397332991
CCCCCCCC(O)CC(=O)CCc1ccc(O)c(OC)c1,1,0.847959471749838
Oc1cc(O)c2c(c1)O[C@H](c1ccc(O)c(O)c1)[C@H](O)[C@H]2c1c(O)cc2c(c1O)C[C@@H](O)[C@@H](c1ccc(O)c(O)c1)O2,1,0.963998440119056
Oc1cc(O)c2c(c1)O[C@H](c1ccc(O)c(O)c1)[C@@H](O)[C@@H]2c1c(O)cc(O)c2c1O[C@H](c1ccc(O)c(O)c1)[C@@H](O)C2,1,0.9673240516630484
Oc1cc(O)c2c(c1)O[C@H](c1ccc(O)c(O)c1)[C@@H](O)C2,1,0.936971202010002
Oc1cc(O)c2c(c1)O[C@H](c1ccc(O)c(O)c1)[C@H](O)[C@H]2c1c(O)cc(O)c2c1O[C@H](c1ccc(O)c(O)c1)[C@H](O)[C@H]2c1c(O)cc(O)c2c1O[C@H](c1ccc(O)c(O)c1)[C@H](O)C2,1,0.9742285975968251
O=c1cc(-c2ccc(O)c(O)c2)oc2cc(O)c([C@@H]3O[C@H](CO)[C@@H](O)[C@H](O)[C@H]3O)c(O)c12,1,0.9132029468909817
O=c1cc(-c2ccc(O)cc2)oc2cc(O)c([C@@H]3O[C@H](CO)[C@@H](O)[C@H](O)[C@H]3O)c(O)c12,1,0.8628625947597146
O=c1c(O)c(-c2ccc(O)c(O)c2)oc2cc(O[C@@H]3O[C@H](CO)[C@@H](O)[C@H](O)[C@H]3O)c(O)c(O)c12,1,0.9367969224383124
O=C1C[C@@H](c2ccc(O)c(O)c2)Oc2c1ccc(O[C@@H]1O[C@H](CO)[C@@H](O)[C@H](O)[C@H]1O)c2O,1,0.9437814434577507
O=C(/C=C/c1ccc(O)c(O)c1)c1ccc(O[C@@H]2O[C@H](CO)[C@@H](O)[C@H](O)[C@H]2O)c(O)c1O,1,0.9482607644501397
O=C(O)c1ccccc1O,1,0.9075984322024719
O=C1c2c(O)cc(O)cc2O[C@H](c2ccc(O)cc2)C1O,1,0.9200960866754324
O=C1c2c(O)cc(O)cc2O[C@H](c2ccc(O)c(O)c2)[C@H]1O,1,0.9535205917925444
COc1cc(-c2oc3cc(O)cc(O)c3c(=O)c2O)ccc1O,1,0.9153330013919208
O=C(/C=C/c1ccc(O)c(O)c1)O[C@@H]1C[C@@](OC(=O)/C=C/c2ccc(O)c(O)c2)(C(=O)O)C[C@@H](O)[C@@H]1O,1,0.9358171284820329
COc1c(O)c(-c2c(O)c(OC)c(OC)c3c2cc(OC)c2cc(O)ccc23)c2cc(OC)c3cc(O)ccc3c2c1OC,1,0.9570873331054264
COc1cc(C[C@@H](CO[C@@H]2O[C@H](CO)[C@@H](O)[C@H](O)[C@H]2O)[C@H](CO[C@@H]2O[C@H](CO)[C@@H](O)[C@H](O)[C@H]2O)Cc2ccc(O)c(OC)c2)ccc1O,1,0.9622151618555193
CO[C@H]1OC(OC(=O)c2cc(O)c(O)c(O)c2)[C@H](O)[C@@H](O)[C@@H]1O,1,0.9582818702584626
O=C(O)C1=C[C@@H](OC(=O)c2cc(O)c(O)c(O)c2)[C@@H](O)[C@H](OC(=O)c2cc(O)c(O)c(O)c2)C1,1,0.9608673450945417
COC(=O)c1cc(O)c(O)c(O)c1,1,0.9671351515404376
O=C(Oc1c(O)cc(C(=O)O[C@@H]2C[C@@](O)(C(=O)O)C[C@@H](OC(=O)c3cc(O)c(O)c(O)c3)[C@@H]2OC(=O)c2cc(O)c(O)c(O)c2)cc1O)c1cc(O)c(O)c(O)c1,1,0.970358554043801
O=C(O)c1cc(O)c(O)c(OC(=O)c2cc(O)c(O)c(O)c2)c1,1,0.97135944181136
O=C(C(=O)[C@@](O)(C(=O)c1cc(O)c(O)c(O)c1)[C@](O)(C(=O)c1cc(O)c(O)c(O)c1)[C@H](O)[C@H](O)CO)c1cc(O)c(O)c(O)c1,1,0.9478783743109782
O=C(O)C1(O)C[C@@H](O)C(O)(C(=O)c2cc(O)c(O)c(O)c2)[C@@](O)(C(=O)c2cc(O)c(O)c(O)c2)C1(C(=O)c1cc(O)c(O)c(O)c1)C(=O)c1cc(O)c(O)c(O)c1,1,0.9576668547382234
COc1cc(O)c2c(=O)cc(-c3ccc(OC)c(OC)c3)oc2c1,1,0.9211642364113589
O=c1cc(-c2ccc(O)cc2)oc2cccc(OC[C@@H]3O[C@H](CO)[C@@H](O)[C@H](O)[C@H]3O)c12,1,0.7826357623045934
O=C(O)/C=C/c1ccccc1,1,0.7812742394741443
COc1cc2ccc(=O)oc2c(OC)c1OC,1,0.9397449507277309
COc1cc2ccc(=O)oc2cc1OC,1,0.919353707962725
C=C1CC[C@@H]2[C@H]([C@H]3[C@H]1CC[C@]3(C)O)C2(C)C,1,0.8772389622981012
O=C(O[C@H]1Cc2c(O)cc(O)cc2O[C@H]1c1ccc(O)c(O)c1)c1cc(O)c(O)c(O)c1,1,0.9656963940475306
O=C(O[C@@H]1Cc2c(O)cc(O)cc2O[C@@H]1c1cc(O)c(O)c(O)c1)c1cc(O)c(O)c(O)c1,1,0.9692677828516162
CCCCCCC(=O)c1cc(O)c(O)c(O)c1,1,0.9091813344793961
C=C1CC[C@@H]2[C@](C)(CO)[C@H](O)CC[C@@]2(C)[C@@H]1CCC1=CCOC1=O,1,0.8908810469240525
CC1=C(C=O)C(C)(C)C[C@H](O[C@@H]2O[C@H](CO)[C@@H](O)[C@H](O)[C@H]2O)C1,1,0.8366232581970816
CC(C)=CCC/C(C)=C/C=O,1,0.9110637090108425
CC(C)=CCCC(C)CC=O,1,0.8500347184660302
Cc1ccc(C(C)C)c(O)c1,1,0.8839974192415836
Cc1cc(O)c(C(C)C)cc1O,1,0.9176815603302658
CC(C)C1=CC(=O)C2(C)C(C1=O)C1(C)C(=O)C=C(C(C)C)C(=O)C21,1,0.8741411487061406
CC(C)=CCC[C@](C)(O)[C@H]1CC[C@]2(C)[C@@H]1[C@H](O)C[C@@H]1[C@@]3(C)CC[C@H](O[C@@H]4O[C@H](CO)[C@@H](O)[C@H](O)[C@H]4O[C@@H]4O[C@H](CO)[C@@H](O)[C@H](O)[C@H]4O)C(C)(C)[C@@H]3CC[C@]12C,1,0.91807400312294
CC(C)=CCC[C@](C)(O[C@@H]1O[C@H](CO)[C@@H](O)[C@H](O)[C@H]1O)[C@H]1CC[C@]2(C)[C@@H]1[C@H](O)C[C@@H]1[C@@]3(C)CC[C@H](O)C(C)(C)[C@@H]3[C@@H](O[C@@H]3O[C@H](CO)[C@@H](O)[C@H](O)[C@H]3O[C@@H]3O[C@@H](C)[C@H](O)[C@@H](O)[C@H]3O)C[C@]12C,1,0.9322956060943747
Cc1coc2c1C(=O)C(=O)c1c-2ccc2c(C)cccc12,1,0.6976903961273009
Cc1coc2c1C(=O)C(=O)c1c-2ccc2c1CCCC2(C)C,1,0.7008805901841774
O=C(/C=C/c1ccc(O)c(O)c1/C=C/c1ccc(O)c(O)c1)O[C@H](Cc1ccc(O)c(O)c1)C(=O)O,1,0.9592680045345832
CCCCC[C@H](O)C[C@H](O)CCc1ccc(O)c(OC)c1,1,0.8937107504133328
CCCCCC(=O)CC(=O)CCc1ccc(O)c(OC)c1,1,0.8579313795282706
COc1cc(CNC(=O)CCCC/C=C/C(C)C)ccc1O,1,0.7163744877536333
COc1cc(/C=C/C(=O)CC(=O)/C=C/c2ccc(O)c(OC)c2)ccc1O,1,0.9467990308409809
CCCCC/C=C/C(=O)CCc1ccc(O[Si](C)(C)C)c(OC)c1,1,0.716111932864328
C[C@@H]1CC[C@@]2(OC1)O[C@H]1C[C@H]3[C@@H]4CC[C@H]5C[C@@H](O)CC[C@]5(C)[C@H]4CC[C@]3(C)[C@H]1[C@@H]2C,1,0.9062752062902212
C[C@H]1CC[C@@]2(OC1)O[C@H]1C[C@H]3[C@@H]4CC[C@H]5C[C@@H](O)CC[C@]5(C)[C@H]4CC[C@]3(C)[C@H]1[C@@H]2C,1,0.9069068093070454
C[C@@H]1CC[C@@]2(OC1)O[C@H]1C[C@H]3[C@@H]4CC[C@H]5C[C@@H](O)CC[C@]5(C)[C@H]4CC(=O)[C@]3(C)[C@H]1[C@@H]2C,1,0.8897099550008685
C[C@H]1CC[C@@]2(OC1)O[C@@]1(C)C[C@H]3[C@@H]4CC[C@H]5C[C@@H](O)CC[C@]5(C)[C@H]4CC(=O)[C@]3(C)[C@H]1[C@@H]2C,1,0.8682266582334555
C[C@@H]1CC[C@@]2(OC1)O[C@H]1C[C@H]3[C@@H]4CC[C@H]5C[C@@H](O)[C@H](O)C[C@]5(C)[C@H]4CC[C@]3(C)[C@H]1[C@@H]2C,1,0.9081619202271007
C[C@@H]1CC[C@@]2(OC1)O[C@H]1C[C@H]3[C@@H]4CC=C5C[C@@H](O)CC[C@]5(C)[C@H]4CC[C@]3(C)[C@H]1[C@@H]2C,1,0.9071907555129722
COC(=O)C1=CO[C@@H](C)[C@H]2CN3CCc4c([nH]c5ccccc45)[C@@H]3C[C@H]12,1,0.7382108661019932
COC(=O)[C@H]1[C@H]2C[C@@H]3c4[nH]c5cc(OC)ccc5c4CCN3C[C@H]2C[C@@H](OC(=O)c2cc(OC)c(OC)c(OC)c2)[C@@H]1OC,1,0.9125989877717793
COC1=CC=C2[C@H]3Cc4ccc(OC)c5c4[C@@]2(CCN3C)[C@H]1O5,1,0.8762343749960759
COC(=O)[C@@H]1[C@H]2C[C@H]3c4[nH]c5ccccc5c4CCN3C[C@@H]2CC[C@@H]1O,1,0.67864550283831
COc1ccc(Cc2nccc3cc(OC)c(OC)cc23)cc1OC,1,0.8635059817874383
COc1ccc(C2CC(=O)c3c(OC)cc(OC)cc3O2)c(OC)c1,1,0.9313214124188138
COc1c(O)cc(C2Oc3c(c(O)cc(O)c3C3c4c(O)cc(O)cc4CC(c4ccc(O)cc4)C3O)CC2O)cc1O,1,0.9341458225012957
O=c1oc2c(O)c(O)cc3c(=O)oc4c(O)c(O)cc1c4c23,1,0.9558563961734065
O=C(O)c1cc(O)c(O)c(O)c1,1,0.9759366252397788
CC1(C)CC[C@]2(C(=O)O)CC[C@]3(C)C(=CC[C@@H]4[C@@]5(C)C[C@@H](O)[C@H](O)C(C)(C)[C@@H]5CC[C@]43C)[C@@H]2[C@@H]1O,1,0.9074325618677248
COc1ccc(-c2cc(=O)c3c(OC)c(OC)c(OC)cc3o2)cc1OC,1,0.9669728558336359
COc1ccc(-c2cc(=O)c3c(OC)c(OC)c(OC)cc3o2)cc1,1,0.9385849240109999
COc1ccc(-c2cc(=O)c3c(O)c(OC)c(OC)cc3o2)cc1O,1,0.9496468778288644
COc1ccc(-c2cc(=O)c3c(O)c(OC)c(OC)cc3o2)cc1OC,1,0.9573411175743964
C=C[C@@]1(C)C[C@@H](OC(=O)c2ccccc2)[C@H]2[C@](O)(C1=O)[C@H](OC(C)=O)C[C@H]1C(C)(C)[C@H](O)[C@H](OC(C)=O)[C@H](OC(=O)c3ccccc3)[C@@]12C,1,0.8959683214394929
C=C[C@@]1(C)C[C@@H](OC(=O)c2ccccc2)[C@H]2[C@](O)(C1=O)[C@H](OC(C)=O)C[C@H]1C(C)(C)[C@H](OC(C)=O)[C@H](O)[C@H](OC(=O)c3ccccc3)[C@@]12C,1,0.8698400205118065
C=C[C@@]1(C)CC(=O)[C@H]2[C@](O)(C1=O)[C@H](OC(C)=O)C[C@H]1C(C)(C)[C@H](OC(=O)c3ccccc3)[C@H](OC(C)=O)[C@H](OC(=O)c3ccccc3)[C@@]12C,1,0.8662505363558444
C=C[C@@]1(C)C[C@@H](OC(=O)c2ccccc2)[C@H]2[C@](O)(C1=O)[C@H](OC(C)=O)C[C@H]1C(C)(C)C(=O)[C@H](OC(C)=O)[C@H](OC(=O)c3ccccc3)[C@@]12C,1,0.8796542620171246
C=C[C@H]1[C@@H](OC(=O)c2ccccc2)[C@H]2[C@](O)(C(=O)[C@@]1(C)O)[C@H](OC(C)=O)C[C@H]1C(C)(C)[C@H](O)[C@H](OC(C)=O)[C@H](OC(=O)c3ccccc3)[C@@]12C,1,0.8664911306529541
COc1cc(O)c2c(=O)c(OC)c(-c3ccc(OC)c(OC)c3)oc2c1,1,0.9305944677006923
C=C1CC23CCC4[C@@](C)(CCC[C@@]4(C)C(=O)O)C2[C@@H](OC(C)=O)CC1C3,1,0.8856643184319766
C=C1[C@@H]2CCC3[C@]4(C)CCC[C@@](C)(C(=O)O)C4CC[C@]3(C2)[C@@H]1OC(C)=O,1,0.8981109888328942
C=C1C[C@@]23CC[C@H]4[C@@](C)(CCC[C@@]4(C)C(=O)O)[C@@H]2CC[C@@H]1C3,1,0.8979284065572797
C=C1CC2(CCC3[C@@]4(C)CCC[C@]3(C)OC4=O)CC1CCC2=O,1,0.8105210650969017
C=C1C(=O)C23CCC4[C@@](C)(CCC[C@@]4(C)C(=O)O)C2CCC1C3,1,0.8842608626786848
COc1cc2c(cc1O)C[C@@H]1NCCc3cc(OC)c(OC)c-2c31,1,0.9360651582011367
CN1C2=C3N=c4ccccc4=C3CCN2C(=O)c2ccccc21,1,0.5209177596879162
CC[C@H]1CN2CCc3c([nH]c4ccccc34)[C@@H]2C[C@@H]1/C(=C\OC)C(=O)OC,1,0.7729904657845744
CC[C@H]1CN2CC[C@@]3(C(=O)Nc4ccccc43)[C@@H]2C[C@@H]1/C(=C\OC)C(=O)OC,1,0.7354559625938495
COc1ccc(C[C@@H]2c3cc(Oc4cc(C[C@@H]5c6cc(O)c(OC)cc6CCN5C)ccc4O)c(OC)cc3CCN2C)cc1,1,0.9063214147773956
CN1[C@@H](CC(=O)c2ccccc2)CCC[C@H]1C[C@H](O)c1ccccc1,1,0.4612947643985673
CC1=C2C[C@H]3[C@@H](C[C@@H](O)[C@H]4C[C@@H](O)CC[C@@]43C)[C@@H]2CC[C@@H]1[C@@H](C)[C@@H]1[C@H](O)C[C@@H](C)CN1C,1,0.8346003746767536
CC1=C2C[C@H]3[C@@H](CC(=O)[C@H]4C[C@@H](O)CC[C@@]43C)[C@@H]2CC[C@@H]1[C@@H](C)[C@@H]1[C@H](O)C[C@@H](C)CN1C,1,0.8153463209732629
C=C/C(C)=C/C[C@@H]1C(=C)CCC2[C@@](C)(C(=O)O)CCC[C@]21C,1,0.9340266299665043
CC(C)[C@]12O[C@H]1[C@@H]1O[C@]13[C@]1(O[C@H]1C[C@H]1C4=C(CC[C@@]13C)C(=O)OC4)[C@@H]2O,1,0.8740155139449413
C/C=C(/C)C(=O)O[C@H]1[C@@H](OC(C)=O)c2c(ccc3ccc(=O)oc23)OC1(C)C,1,0.9002795697371245
C/C=C(/C)C(=O)O[C@H](COc1c2ccoc2cc2oc(=O)ccc12)C(C)(C)O,1,0.8048588700171074
O=c1cc(-c2ccc(O)c(O)c2)oc2c([C@@H]3O[C@H](CO)[C@@H](O)[C@H](O)[C@H]3O)c(O)cc(O)c12,1,0.9333245981736267
COc1cc(O)cc(O)c1C(=O)/C=C/c1ccccc1,1,0.8502731698389383
COc1cc(O)cc2c1C(=O)C[C@@H](c1ccccc1)O2,1,0.8315492314149627
CC1(C)C=Cc2c(ccc3c2O[C@@H](O)[C@@H]2c4ccc(O)cc4O[C@H]32)O1,1,0.8956387197044156
O=C(/C=C/c1ccc(O)c2c1C(C(=O)OC(Cc1ccc(O)c(O)c1)C(=O)[O-])C(c1ccc(O)c(O)c1)O2)OC(Cc1ccc(O)c(O)c1)C(=O)[O-].[Mg+2],1,0.9539579871057919
C=CCCC[C@@H](C)C1CCC2C3CCC4C[C@H](OS(=O)(=O)O)[C@@H](OS(=O)(=O)O)C[C@]4(C)C3CC[C@@]21C,1,0.7239707826720523
CC1(C)C=C2C3CC[C@@H]4[C@@]5(C)CCC(=O)C(C)(C)[C@@H]5CC[C@@]4(C)[C@]3(C)CC[C@@]2(C(=O)O)CC1,1,0.8703020187133479
C=C(C)[C@@H]1CC[C@]2(C)CC[C@]3(C)[C@H](CC[C@@H]4[C@@]5(C)CC[C@H](OC(C)=O)C(C)(C)[C@@H]5CC[C@]43C)[C@@H]12,1,0.8812649124720053
C[C@@H]1O[C@@H](O[C@H]2C(=O)c3c(O)cc(O)cc3O[C@H]2c2ccc(O)c(O)c2)[C@H](O)[C@H](O)[C@H]1O,1,0.9525998658172318
C/C(=C\CNc1ncnc2nc[nH]c12)CO,1,0.3866030308483542
CC1(C)C=Cc2c(ccc3ccc(=O)oc23)O1,1,0.8159407867444264
c1cc2c(cc1[C@H]1OC[C@H]3[C@@H]1CO[C@@H]3c1ccc3c(c1)OCO3)OCO2,1,0.8886728530904642
CC(C)[C@H](C)CC[C@@H](C)[C@H]1CC[C@H]2[C@@H]3CC=C4C[C@@H](O)CC[C@]4(C)[C@H]3CC[C@]12C,1,0.8655329855121425
Cc1cc(O)c2c(c1)C(=O)c1cc(O)cc(O)c1C2=O,1,0.8917993691801007
NC(=O)[S-],1,0.8152219559617078
COc1c(O)ccc2c1-c1c3c(cc4c1[C@H](C2)NCC4)OCO3,1,0.9081912833700998
c1cc2c(c3c1CC1NCCc4cc5c(c-3c41)OCO5)OCO2,1,0.9087685241224925
COC(=O)N1c2c(OC)cccc2[C@@]23CCN4CC=C[C@]5(CC[C@]12[C@](O)(C(=O)OC)[C@@H]5O)[C@H]43,1,0.7091446575483896
COc1c2ccccc2nc2occc12,1,0.6328401992348163
C=C(C)C(Cc1c(OC)ccc(C(=O)/C=C/c2ccc(O)cc2)c1O)OO,1,0.8590030067231218
COc1ccc(C(=O)/C=C/c2ccc(O)cc2)c(O)c1C/C=C(\C)CCC=C(C)C,1,0.9212923183197856
OCC1OC(Oc2cc3c(O)cc(O)cc3[o+]c2-c2cc(O)c(O)c(O)c2)C(OC2OCC(O)C(O)C2O)C(O)C1O,0,0.8890766238478238
OC[C@H]1O[C@@H](Oc2cc3c(O)cc(O)cc3[o+]c2-c2ccc(O)c(O)c2)[C@H](O[C@@H]2OC[C@@H](O)[C@H](O)[C@H]2O)[C@@H](O)[C@@H]1O.[Cl-],0,0.7370214800428933
OCC1OC(Oc2cc3c(O)cc(O)cc3[o+]c2-c2ccc(O)c(O)c2)C(O)C(O)C1O.[Cl-],0,0.6428779564421865
O=c1cc(-c2ccc(O)c(O)c2)oc2cc(O[C@@H]3O[C@H](CO)[C@@H](O)[C@H](O)[C@H]3O)cc(O)c12,0,0.8708810570645884
O=C(O)[C@H]1O[C@@H](Oc2c(-c3ccc(O)c(O)c3)oc3cc(O)cc(O)c3c2=O)[C@H](O)[C@@H](O)[C@@H]1O,0,0.9271013690267518
O=C(O[C@@H]1O[C@@H](Oc2c(-c3ccc(O)c(O)c3)oc3cc(O)cc(O)c3c2=O)[C@@H](O)[C@H](O)[C@@H]1O)c1cc(O)c(O)c(O)c1,0,0.9238648152710998
C[C@@H]1O[C@@H](Oc2c(-c3ccc(O)c(O)c3)oc3cc(O)cc(O)c3c2=O)[C@H](O[C@@H]2O[C@H](COC(=O)/C=C/c3ccc(O)c(O)c3)[C@@H](O)[C@H](O)[C@H]2O)[C@H](O)[C@H]1O,0,0.8978831532239531
C[C@@H]1O[C@@H](Oc2c(-c3ccc(O)c(O)c3)oc3cc(O)cc(O)c3c2=O)[C@H](O[C@@H]2O[C@H](COC(=O)/C=C/c3ccc(O)cc3)[C@@H](O)[C@H](O)[C@H]2O)[C@H](O)[C@H]1O,0,0.881022331875179
O=c1c(O[C@H]2OC[C@@H](O)[C@@H](O)[C@@H]2O)c(-c2ccc(O)c(O)c2)oc2cc(O)cc(O)c12,0,0.8665756178520718
O=c1c(OC2OC[C@@H](O)[C@@H](O)[C@@H]2O)c(-c2ccc(O)cc2)oc2cc(O)cc(O)c12,0,0.7873252609297183
O=C(/C=C/c1ccc(O)c(O)c1)c1ccc(O)cc1O,0,0.9208766443631916
O=c1c(-c2ccc(O)cc2)coc2cc(O)cc(O)c12,0,0.7947318451678461
C[C@H]1[C@H](C)CC[C@]2(C(=O)O)CC[C@]3(C)C(=CC[C@@H]4[C@@]5(C)CC[C@H](O)C(C)(C)[C@@H]5CC[C@]43C)[C@H]12,0,0.9112015510937066
N[C@@H](Cc1ccc(O)c(O)c1)C(=O)O,0,0.8408543437631323
O=c1cc(-c2ccc(O)cc2)oc2cc(O)cc(O)c12,0,0.8510285039747087
O=c1c(OC2O[C@H](CO)[C@@H](O)[C@@H]2O)c(-c2ccc(O)cc2)oc2cc(O)cc(O)c12,0,0.7363873290584617
O=c1c(O[C@@H]2O[C@H](CO)[C@H](O)[C@H](O)[C@H]2O)c(-c2ccc(O)cc2)oc2cc(O)cc(O)c12,0,0.8321334880023923
O=c1c(OC2O[C@H](CO)[C@@H](O)[C@@H]2O)c(-c2ccc(O)c(O)c2)oc2cc(O)cc(O)c12,0,0.8176371807750693
O=c1cc(-c2ccc(O)c(O)c2)oc2cc(O[C@@H]3O[C@H](CO[C@@H]4O[C@H](CO)[C@@H](O)[C@H](O)[C@H]4O)[C@@H](O)[C@H](O)[C@H]3O)cc(O)c12,0,0.9151113389465084
C[C@H]1CC[C@@H]2N(C1)C[C@H]1[C@@H]3C[C@H]4[C@@H](CC(=O)[C@H]5C[C@@H](O)CC[C@@]54C)[C@@H]3CC[C@@H]1[C@]2(C)O,0,0.7264773256637174
C[C@H]1CC[C@@H]2N(C1)C[C@H]1[C@@H]3C[C@H]4[C@@H](C[C@H](O)[C@H]5C[C@@H](O)CC[C@@]54C)[C@@H]3CC[C@@H]1[C@]2(C)O,0,0.7372527984476034
CC1=C2C[C@H]3[C@@H](CC(=O)[C@H]4C[C@@H](O)CC[C@@]43C)[C@@H]2CC[C@]12O[C@@H]1C[C@H](C)CN[C@H]1[C@H]2C,0,0.6729615492492989
O=C(O)[C@H](O)Cc1ccc(O)c(O)c1,0,0.9200774178550157
COc1c(-c2ccc(O)cc2)oc2cc(O)cc(O)c2c1=O,0,0.8837683471020659
COc1cc(C(C)=O)cc2c1OC(C)(C)C=C2,0,0.8166673408096752
COc1c(C(C)O)cc2c(c1OC)OC(C)(C)C=C2,0,0.8642072491383704
C=CC1[C@@H](OC(=O)c2ccccc2)[C@H]2[C@](O)(C(=O)[C@]1(C)O)[C@H](OC(C)=O)C[C@H]1C(C)(C)[C@H](OC(C)=O)[C@H](O)[C@H](OC(=O)c3ccccc3)[C@@]12C,0,0.8319409079889813
C[C@@H]1C[C@@H](O)[C@@H]([C@H](C)[C@H]2CCC3=C(C[C@H]4C3=CC(=O)[C@H]3C[C@@H](O)CC[C@@]34C)[C@H]2C)N(C)C1,0,0.7959622739719463
C=CCC1=C[C@]2(OC)C(=CC1=O)O[C@H](c1ccc(OC)c(OC)c1)[C@H]2C,0,0.8610874868509812
O=c1c(O[C@@H]2O[C@H](CO)[C@@H](O)[C@H](O)[C@H]2O)c(-c2ccc(O)cc2)oc2cc(O)cc(O)c12,0,0.8321420272703348
O=C(O[C@H]1[C@H](Oc2c(-c3ccc(O)cc3)oc3cc(O)cc(O)c3c2=O)O[C@H](CO)[C@@H](O)[C@@H]1O)c1cc(O)c(O)c(O)c1,0,0.9125973587674505
